color,memory,model,name,price,seller,sku,url
iPhone 8 Plus银色,256G,,全球购Apple 全新 港版 美版 澳版 苹果iPhonex手机苹果 iPhone8/8Plus/ X手机 iPhone 8 Plus银色 256G,7699.0,佳运汇通生活家电专营店,20054881323,https://item.jd.hk/20054881323.html
深空灰,全网通 64GB,AppleiPhone 8 Plus,Apple 苹果  iPhone 8 plus 手机 深空灰 全网通 64GB,6999.0,易道手机专营店,16579563292,http://item.jd.com/16579563292.html
黑色,全网通 32GB,AppleiPhone7,Apple 苹果 iPhone7 手机 黑色 全网通 32GB,3928.0,佳沪手机旗舰店,10673893285,http://item.jd.com/10673893285.html
银色,全网通 64GB,AppleiPhone X,Apple 苹果 iPhone X (A1865)全面屏手机 银色 全网通 64GB,7158.0,易道手机专营店,15354128254,http://item.jd.com/15354128254.html
金色,iphone6  128GB,,全球购APPLE 日本直邮 日版 无锁 iphone6s/6s plus 金色 iphone6  128GB,5389.0,海优网全球购专营店,21229640376,https://item.jd.hk/21229640376.html
银色,全网通64G,AppleiPhone 8,Apple 苹果 iPhone8 手机 银色 全网通64G,5099.0,爱优创杰手机专营店,15976864145,http://item.jd.com/15976864145.html
黑色,官方标配(全网通128G),Apple7 plus,Apple 苹果iPhone7 plus手机 黑色 官方标配(全网通128G),5999.0,君问手机旗舰店,10705295922,http://item.jd.com/10705295922.html
深空灰色,全网通 64GB,Apple苹果iPhone X,Apple 苹果X iPhone X 手机 深空灰色 全网通 64GB,7999.0,澳飞华宇手机专营店,27486286316,http://item.jd.com/27486286316.html
金色,全网通 32G,Apple 苹果  iPhone 6（A1586） 手机 4.7英寸 32GB 金色 全网通 32G,Apple 苹果  iPhone 6（A1586） 手机 4.7英寸 32GB 金色 全网通 32G,2049.0,泰美手机专营店,15411526006,http://item.jd.com/15411526006.html
金色（现货）,64GB,,全球购Apple iPhone XS 苹果新款手机 A12仿生芯片 新品全面屏智能手机 金色（现货） 64GB,10688.0,HK数码国际全球购专营店,33020918102,https://item.jd.hk/33020918102.html
银色,64G 港版 移动联通4G,,全球购Apple 苹果 iPhone X 港版/美版/日版 移动联通电信4G 苹果智能手机 银色 64G 港版 移动联通4G,6828.0,CSL海外专营店,29770133599,https://item.jd.hk/29770133599.html
金色,全网通 512GB,Apple 苹果 iPhone XS 手机 金色 全网通 512GB,Apple 苹果 iPhone XS 手机 金色 全网通 512GB,12188.0,杰凌手机旗舰店,32968668115,http://item.jd.com/32968668115.html
iPhoneXs【金色】5.8英寸,64G,,全球购Apple 苹果 iPhone XS/iPhone XS Max 移动联通电信4G手机 A12仿生 iPhoneXs【金色】5.8英寸 64G,8870.0,盈科全球购专营店,33270865141,https://item.jd.hk/33270865141.html
深空灰色,全网通 64G,Apple 苹果X iPhone X（A1865）全网通4G智能手机 全面屏 深空灰色 全网通 64G,Apple 苹果X iPhone X（A1865）全网通4G智能手机 全面屏 深空灰色 全网通 64G,7888.0,久汇通官方旗舰店,28109612504,http://item.jd.com/28109612504.html
iphone7 plus,24Kt 黑金 256GB,,全球购Apple 全球购 Gold Elite 尊享奢华 iphone 镀金手机 私人定制 iphone7 plus 24Kt 黑金 256GB,37999.0,GIT数码海外旗舰店,1993542991,https://item.jd.hk/1993542991.html
黑色,64G,AppleiPhone XR,Apple 苹果 iphone XR 手机 黑色 64G,6899.0,牧申手机旗舰店,32242288360,http://item.jd.com/32242288360.html
金色,64GB,Apple 苹果手机 iPhone XS  移动联通电信4G手机 金色 64GB,Apple 苹果手机 iPhone XS  移动联通电信4G手机 金色 64GB,8999.0,元厚手机专营店,32897760072,http://item.jd.com/32897760072.html
金色,,AppleiPhone6,Apple 苹果6 iPhone6 手机 金色 公开全网通(32G)标配,1999.0,融一手机专营店,19036593197,http://item.jd.com/19036593197.html
金色,,Apple苹果iPhone6,Apple 苹果6 iPhone 6 手机 金色 全网通4G 32GB,1999.0,华信通手机专营店,17881404525,http://item.jd.com/17881404525.html
金色,,Apple 苹果6 iPhone6 32G 移动联通电信4G手机全网通 国行正品 金色 32G,Apple 苹果6 iPhone6 32G 移动联通电信4G手机全网通 国行正品 金色 32G,2099.0,中恒国信手机旗舰店,23790799963,http://item.jd.com/23790799963.html
金色,256G,Apple iPhone XS Max 移动联通电信4G手机 金色 256G,Apple iPhone XS Max 移动联通电信4G手机 金色 256G,10448.0,Apple晨星泰合专卖店,32942104635,http://item.jd.com/32942104635.html
玫瑰金,全网通 32GB,Apple 苹果 iPhone6s Plus 移动联通电信4G 手机 玫瑰金 全网通 32GB,Apple 苹果 iPhone6s Plus 移动联通电信4G 手机 玫瑰金 全网通 32GB,2798.0,华顶聚瑞手机旗舰店,11500996608,http://item.jd.com/11500996608.html
银白色,128GB 标配,,全球购Apple 苹果iPhone7 Plus 港版 移动联通4G 全新正品未激活 苹果智能手机 银白色 128GB 标配,5480.0,CSL海外专营店,1994921193,https://item.jd.hk/1994921193.html
银色,256GB 美版 全网通4G,,全球购苹果（Apple） 苹果iPhone8 Plus 港版/美版 移动联通电信4G 全新正品 苹果手机 银色 256GB 美版 全网通4G,6599.0,美丽生活馆海外专营店,23936989188,https://item.jd.hk/23936989188.html
金色,全网通 64GB,Apple 苹果8Plus  iPhone8 Plus 移动联通电信4G 手机 金色 全网通 64GB,Apple 苹果8Plus  iPhone8 Plus 移动联通电信4G 手机 金色 全网通 64GB,6018.0,华顶聚瑞手机旗舰店,16590255396,http://item.jd.com/16590255396.html
iphone 8  红色 特别版,日版有锁两网 64GB,,全球购Apple iphone X 有锁  苹果8/8Puls  苹果X 有锁 便宜的苹果 智能手机 iphone 8  红色 特别版 日版有锁两网 64GB,3688.0,J two全球购专营店,29206899577,https://item.jd.hk/29206899577.html
深空灰色,256GB,AppleiPhone X ,Apple 苹果 iPhone X 全面屏手机 深空灰色 256GB,8699.0,银河信业手机专营店,28446937773,http://item.jd.com/28446937773.html
玫瑰金,官方标配 32GB,AppleiPhone6s Plus,Apple 苹果 iPhone 6s Plus(A1699) 5.5英寸全网通4G智能手机 玫瑰金 官方标配 32GB,2929.0,明日手机专营店,11357751613,http://item.jd.com/11357751613.html
深空灰色,全网通版 64G,Apple 苹果 iPhone X 全面屏手机 深空灰色 全网通版 64G,Apple 苹果 iPhone X 全面屏手机 深空灰色 全网通版 64G,7488.0,福气多多通信专营店,32213407021,http://item.jd.com/32213407021.html
玫瑰金,128GB 全国联保,APPLE 苹果 iPhone6s Plus国行  Apple手机【国行保障】【直降到底】 玫瑰金 128GB 全国联保,APPLE 苹果 iPhone6s Plus国行  Apple手机【国行保障】【直降到底】 玫瑰金 128GB 全国联保,3768.0,天环云手机数码旗舰店,15500042665,http://item.jd.com/15500042665.html
金色,64GB,Apple 苹果  iPhone8 全网通4G手机 金色 64GB,Apple 苹果  iPhone8 全网通4G手机 金色 64GB,5238.0,爵臻手机专营店,16840903541,http://item.jd.com/16840903541.html
深空灰色,全网通256G,AppleiPhone8 Plus,Apple （苹果） iPhone 8 Plus (A1864) 手机 深空灰色 全网通256G,7488.0,恒大和旗舰店,25544982965,http://item.jd.com/25544982965.html
深空灰,美版有锁 64GB 全网通4G（赠送卡贴）,,全球购Apple 苹果 iPhoneX 美版激活有锁（赠送卡贴使用）移动联通电信4G 苹果智能手机 深空灰 美版有锁 64GB 全网通4G（赠送卡贴）,5569.0,国英生活馆海外专营店,26603805544,https://item.jd.hk/26603805544.html
深空灰【全国联保】,64G【Plus专享】,APPLE 苹果 iPhoneX 新品全面屏手机Apple x【送延保一年】国行 深空灰【全国联保】 64G【Plus专享】,APPLE 苹果 iPhoneX 新品全面屏手机Apple x【送延保一年】国行 深空灰【全国联保】 64G【Plus专享】,8288.0,天环云手机数码旗舰店,30050690021,http://item.jd.com/30050690021.html
金色,,Apple 苹果6 iPhone6 移动联通电信 智能手机 金色 全网通 32G,Apple 苹果6 iPhone6 移动联通电信 智能手机 金色 全网通 32G,2028.0,炜东通信专营店,19584264013,http://item.jd.com/19584264013.html
金色,全网通128G,Apple 苹果 iPhone6s Plus 手机 金色 全网通128G,Apple 苹果 iPhone6s Plus 手机 金色 全网通128G,3799.0,鹏瑶手机专营店,16462803161,http://item.jd.com/16462803161.html
深空灰色,全网通 64G,Apple苹果X,Apple 苹果X iPhoneX 全面屏手机 深空灰色 全网通 64G,7199.0,泰业手机专营店,25544386569,http://item.jd.com/25544386569.html
金色,全网通(32GB ),Apple 苹果 iPhone 6s Plus 手机 金色 全网通(32GB ),Apple 苹果 iPhone 6s Plus 手机 金色 全网通(32GB ),2868.0,聚捷联盛手机旗舰店,11269294956,http://item.jd.com/11269294956.html
金色,官方标配 32G,AppleiPhone6,Apple 苹果 iPhone6移动联通电信4G手机 金色 官方标配 32G,1999.0,牧申手机旗舰店,11428646863,http://item.jd.com/11428646863.html
红色,全网通64G,Apple 苹果  iPhone 8 plus 手机 红色 全网通64G,Apple 苹果  iPhone 8 plus 手机 红色 全网通64G,5878.0,聚捷联盛手机旗舰店,27107283896,http://item.jd.com/27107283896.html
深空灰,64G,AppleiPhone XS Max,Apple 苹果iphone xs max手机 深空灰 64G,10599.0,恒大和旗舰店,32853824570,http://item.jd.com/32853824570.html
金色,512G,Apple 苹果 iPhone XS Max (A2104) 手机 全网通 金色 512G,Apple 苹果 iPhone XS Max (A2104) 手机 全网通 金色 512G,12799.0,中国移动手机官方旗舰店,32944865430,http://item.jd.com/32944865430.html
银色,全网通  256G,Apple 苹果x iPhonex 全面屏 拍照手机 银色 全网通  256G,Apple 苹果x iPhonex 全面屏 拍照手机 银色 全网通  256G,8488.0,炜东通信专营店,19666641972,http://item.jd.com/19666641972.html
深空灰,全网通256G,Apple 苹果 iphone xs max 手机 双卡双待 深空灰 全网通256G,Apple 苹果 iphone xs max 手机 双卡双待 深空灰 全网通256G,10888.0,炜东通信专营店,32961896245,http://item.jd.com/32961896245.html
金色,512GB,APPLE 苹果 iPhone XS Max 手机 移动电信联通4G Plus 双卡双待 金色 512GB,APPLE 苹果 iPhone XS Max 手机 移动电信联通4G Plus 双卡双待 金色 512GB,12588.0,天环云手机数码旗舰店,32951408663,http://item.jd.com/32951408663.html
深空灰,美版 全网通 有锁 256GB （赠送卡贴）,,全球购Apple 苹果 iPhoneX 美版激活有锁（赠送卡贴使用） 移动联通电信4G 苹果智能手机 深空灰 美版 全网通 有锁 256GB （赠送卡贴）,6180.0,CSL海外专营店,23405860291,https://item.jd.hk/23405860291.html
香槟金,,Apple苹果6,Apple 苹果6 iPhone6手机 香槟金 全网通32GB,2069.0,中益德诚手机专营店,32358354345,http://item.jd.com/32358354345.html
银色,全网通 128GB,Apple 苹果 iPhone7 Plus 移动联通电信4G 手机 银色 全网通 128GB,Apple 苹果 iPhone7 Plus 移动联通电信4G 手机 银色 全网通 128GB,5788.0,华顶聚瑞手机旗舰店,11439252930,http://item.jd.com/11439252930.html
金色,全网通64G,Apple 苹果xs iphonexs 手机 金色 全网通64G,Apple 苹果xs iphonexs 手机 金色 全网通64G,8138.0,炜东通信专营店,32147325778,http://item.jd.com/32147325778.html
金色,全网通 64G,Apple 苹果 iPhone 8 plus 手机 金色 全网通 64G,Apple 苹果 iPhone 8 plus 手机 金色 全网通 64G,5999.0,泰业手机专营店,25545022272,http://item.jd.com/25545022272.html
黑灰色,256GB美版两网激活有锁,,全球购Apple APPLE 现货 iPhoneX 苹果X美版/日版有锁激活赠卡贴4G智能手机 黑灰色 256GB美版两网激活有锁,6100.0,XINKE全球购专营店,18799942645,https://item.jd.hk/18799942645.html
黑色,256GB 美版激活有锁  全网通4G,,全球购Apple 苹果 iPhone X 美版/日版 全新激活有锁 移动联通电信4G 苹果智能手机 黑色 256GB 美版激活有锁  全网通4G,6180.0,CSL海外专营店,24838051964,https://item.jd.hk/24838051964.html
深空灰色,全网通256G,AppleiPhone X,Apple 苹果 iPhone X (A1865) 手机 深空灰色 全网通256G,8999.0,恒大和旗舰店,25540408291,http://item.jd.com/25540408291.html
深空灰,全网通 32GB,Apple 苹果 iPhone 6s Plus 4G手机 深空灰 全网通 32GB,Apple 苹果 iPhone 6s Plus 4G手机 深空灰 全网通 32GB,2858.0,杰凌手机旗舰店,15195744280,http://item.jd.com/15195744280.html
金色,64G 【两网 移动联通4G】,,全球购【口碑好店】Apple 苹果 iPhone8Plus 8P 8 Plus手机 无锁 全新激活 金色 64G 【两网 移动联通4G】,5298.0,酷乐数码全球购专营店,31862877979,https://item.jd.hk/31862877979.html
金色,全网通 32GB,AppleiPhone6s Plus,Apple 苹果  iPhone 6s Plus手机 金色 全网通 32GB,2849.0,牧申手机旗舰店,10567966925,http://item.jd.com/10567966925.html
金色,,Apple 苹果  iPhone 6s Plus 手机 金色 全网通(32G ROM),Apple 苹果  iPhone 6s Plus 手机 金色 全网通(32G ROM),2879.0,鹏路网络手机旗舰店,11161126718,http://item.jd.com/11161126718.html
深空灰,64G,Apple  苹果 iPhone8 plus 全网通手机 深空灰 64G,Apple  苹果 iPhone8 plus 全网通手机 深空灰 64G,6028.0,炜东通信专营店,19591525712,http://item.jd.com/19591525712.html
深空灰,公开(64G)标配,Apple 苹果 iPhone8Plus 全网通4G手机 深空灰 公开(64G)标配,Apple 苹果 iPhone8Plus 全网通4G手机 深空灰 公开(64G)标配,6199.0,融一手机专营店,19036619855,http://item.jd.com/19036619855.html
iPhoneXS金色,64GB,,全球购APPLE 苹果 iPhoneXS/XS Max 港版移动联通电信4G手机 iPhoneXS金色 64GB,8169.0,东源全球购专营店,33259925891,https://item.jd.hk/33259925891.html
玫瑰金,全网通(128G),Apple 苹果 iPhone7 Plus 4G手机 玫瑰金 全网通(128G),Apple 苹果 iPhone7 Plus 4G手机 玫瑰金 全网通(128G),5788.0,新松联手机旗舰店,10666535759,http://item.jd.com/10666535759.html
金色,,Apple 苹果 iPhone 6 手机 金色 全网通(32G),Apple 苹果 iPhone 6 手机 金色 全网通(32G),1988.0,聚捷联盛手机旗舰店,11930883311,http://item.jd.com/11930883311.html
iPhoneXS 银白色5.8寸(单卡),64GB,,全球购Apple iphoneXs/Max新一代苹果 全网通 移动联通电信 双卡双待 4G手机 现货开枪 iPhoneXS 银白色5.8寸(单卡) 64GB,9299.0,乔信手机全球购专营店,33260234305,https://item.jd.hk/33260234305.html
黑色,全网通 128GB,AppleiPhone7 Plus,Apple 苹果 iPhone7 Plus 手机 黑色 全网通 128GB,5888.0,佳沪手机旗舰店,10673889493,http://item.jd.com/10673889493.html
金色,全网通4G 64GROM,AppleiPhone 8 Plus,Apple 苹果 iPhone8 Plus 手机 金色 全网通4G 64GROM,5878.0,华信通手机专营店,17863008390,http://item.jd.com/17863008390.html
金色,32GB【PLUS专享】,APPLEiPhone6,APPLE 苹果 iPhone 6 32G Apple手机 【国行联保】 金色 32GB【PLUS专享】,2088.0,天环云手机数码旗舰店,30198628316,http://item.jd.com/30198628316.html
深空灰色,美版 三网 64G,,全球购APPLE 苹果 IPhone X（海外版激活）苹果手机 移动联通 4K智能手机 防水防尘 深空灰色 美版 三网 64G,6728.0,垚虎全球购专营店,28407083442,https://item.jd.hk/28407083442.html
iPhone X 深空灰,全新激活美版全网通64G,,全球购Apple 苹果  iPhone8/8Plus/X/XS/XS Max移动联通电信4G智能手机 iPhone X 深空灰 全新激活美版全网通64G,6398.0,好东西网国际专营店,20337042558,https://item.jd.hk/20337042558.html
黑色 iPhone X,256GB 美版 全网通4G,,全球购Apple 苹果 iPhone X 港版/美版/日版 新款苹果手机全新未拆封未激活全面屏 5.8英寸 黑色 iPhone X 256GB 美版 全网通4G,7588.0,美丽生活馆海外专营店,19731562983,https://item.jd.hk/19731562983.html
磨砂黑,128GB 两网【移动联通4G】,,全球购【口碑好店】Apple  iPhone7 苹果7手机  全新激活 现货直邮 128G 磨砂黑 128GB 两网【移动联通4G】,3888.0,酷乐数码全球购专营店,22835445705,https://item.jd.hk/22835445705.html
金色（ XS MAX ）,64GB,,全球购Apple iPhone XS Max 苹果新款 全网通4G手机 A12仿生芯片 新品全面屏智能手机 金色（ XS MAX ） 64GB,9998.0,名品荟海外专营店,32984835506,https://item.jd.hk/32984835506.html
深空灰,官方标配 64G,AppleiPhone 8 Plus,Apple  苹果 iPhone8 Plus (A1864)  全网通4G 智能手机 深空灰 官方标配 64G,6188.0,岗隆手机专营店,16603899404,http://item.jd.com/16603899404.html
金色,全网通4G 64GROM,AppleiPhone 8,Apple 苹果 iPhone 8 手机 金色 全网通4G 64GROM,5188.0,华信通手机专营店,17860214001,http://item.jd.com/17860214001.html
iPhone 8 银色,海外全网通 64GB（现货速发）,,全球购Apple iPhone X 8 苹果x A11处理器苹果手机  吃鸡手机 iPhone 8 银色 海外全网通 64GB（现货速发）,4138.0,HT国际专营店,1996220558,https://item.jd.hk/1996220558.html
银色,公开(64G)标配,Apple 苹果 iPhone8 全网通4G手机 银色 公开(64G)标配,Apple 苹果 iPhone8 全网通4G手机 银色 公开(64G)标配,5399.0,融一手机专营店,19037084624,http://item.jd.com/19037084624.html
金色,,Apple 苹果 iPhone 5s (A1530)移动联通双4G手机 16G 官方标配 金色,Apple 苹果 iPhone 5s (A1530)移动联通双4G手机 16G 官方标配 金色,1155.0,千瑞达手机旗舰店,25380266459,http://item.jd.com/25380266459.html
银色,全网通64GB,AppleiPhone X,Apple 苹果 iPhone X (A1865)全面屏 手机 银色 全网通64GB,7298.0,茄子手机旗舰店,18861395637,http://item.jd.com/18861395637.html
iPhone8Plus红色特别版,64GB美版有锁三网通（赠卡贴）,,全球购APPLE 苹果iPhone8/8Plus美版激活（有锁赠送卡贴使用）移动联通电信4G手机 iPhone8Plus红色特别版 64GB美版有锁三网通（赠卡贴）,4488.0,东源全球购专营店,29155016547,https://item.jd.hk/29155016547.html
深空灰,64GB,AppleiPhone XS Max,Apple iPhone XS Max 苹果新款 全网通4G手机 A12仿生芯片 新品全面屏智能手机 深空灰 64GB,9999.0,银河信业专营店,33148303328,http://item.jd.com/33148303328.html
白色【两网 移动联通】,64G,,全球购【口碑好店】 Apple iPhone8  苹果8 移动联通电信 4G手机 全新激活 无锁 白色【两网 移动联通】 64G,4398.0,酷乐数码全球购专营店,30889970607,https://item.jd.hk/30889970607.html
金色,64GB,Apple iPhone XS  移动联通电信4G手机 金色 64GB,Apple iPhone XS  移动联通电信4G手机 金色 64GB,8888.0,中通福手机专营店,32976033023,http://item.jd.com/32976033023.html
深灰色,64G,APPLE 【新】iphone8 Plus Apple苹果8P 手机 深灰色 64G,APPLE 【新】iphone8 Plus Apple苹果8P 手机 深灰色 64G,5958.0,天环云手机数码旗舰店,32582406336,http://item.jd.com/32582406336.html
金色,64G+无线充电器套餐,Apple 苹果8 iPhone8 手机 金色 64G+无线充电器套餐,Apple 苹果8 iPhone8 手机 金色 64G+无线充电器套餐,5209.0,鹏瑶手机专营店,26888812478,http://item.jd.com/26888812478.html
黑色,全网通(128GB ),Apple 苹果 iPhone 7 Plus 手机 黑色 全网通(128GB ),Apple 苹果 iPhone 7 Plus 手机 黑色 全网通(128GB ),5868.0,聚捷联盛手机旗舰店,11856959507,http://item.jd.com/11856959507.html
黑色,全网通128G 标配,Apple iPhone 7 ,Apple （苹果） iPhone 7 (A1660) 手机 黑色 全网通128G 标配,5888.0,恒大和旗舰店,33428400856,http://item.jd.com/33428400856.html
深空灰,全网通 64G,Apple 苹果 iPhone 8 4G智能手机 深空灰 全网通 64G,Apple 苹果 iPhone 8 4G智能手机 深空灰 全网通 64G,5488.0,千瑞达手机旗舰店,25376809205,http://item.jd.com/25376809205.html
玫瑰金,全网通128GB,AppleiPhone6s Plus,Apple 苹果  iPhone 6s Plus 手机 玫瑰金 全网通128GB,3858.0,爵臻手机专营店,12402409843,http://item.jd.com/12402409843.html
iPhone 8 红色（特别版）,海外全网通 64GB,,全球购Apple iPhone 8 苹果8智能手机 A11芯片 支持无线充电 吃鸡手机 iPhone 8 红色（特别版） 海外全网通 64GB,4188.0,HT国际专营店,24928669109,https://item.jd.hk/24928669109.html
银色,64GB美版三网有锁激活（赠卡贴）,,全球购Apple 苹果  iPhone8 Plus（美版激活有锁）移动联通电信4G智能手机 银色 64GB美版三网有锁激活（赠卡贴）,4588.0,XINKE全球购专营店,17866844445,https://item.jd.hk/17866844445.html
金色,64G,Apple 苹果 iPhone XS   移动联通电信4G手机 金色 64G,Apple 苹果 iPhone XS   移动联通电信4G手机 金色 64G,8399.0,Apple乐享专卖店,32953119322,http://item.jd.com/32953119322.html
iPhone X 深空灰,全新激活美版全网通64G,,全球购Apple 苹果  iPhone8/8Plus/X/XS/XS Max移动联通电信全网通4G手机 iPhone X 深空灰 全新激活美版全网通64G,6398.0,东方尚品海外专营店,21578850727,https://item.jd.hk/21578850727.html
金色,全网通32G,Apple 苹果 iPhone 6 全网通4G智能手机 金色 全网通32G,Apple 苹果 iPhone 6 全网通4G智能手机 金色 全网通32G,2018.0,OKSJ手机旗舰店,15544827807,http://item.jd.com/15544827807.html
深空灰,官方标配 64GB,AppleiPhone 8 Plus,Apple 苹果8 iPhone8 Plus 移动联通电信4G手机 深空灰 官方标配 64GB,5998.0,明日手机专营店,17254982634,http://item.jd.com/17254982634.html
红色特别版,256GB,Apple 苹果 iPhone8 Plus 全网通4G手机 红色特别版 256GB,Apple 苹果 iPhone8 Plus 全网通4G手机 红色特别版 256GB,7198.0,爵臻手机专营店,27115020273,http://item.jd.com/27115020273.html
深空灰 美版全网通 64G,,,全球购Apple 苹果手机 iPhone X 5.8英寸  全面屏 智能手机 深空灰 美版全网通 64G,6600.0,J two全球购专营店,25647466166,https://item.jd.hk/25647466166.html
深空灰,256G 美版激活有锁 全网通4G,,全球购苹果（Apple） Apple 苹果 iPhone X 美版全新激活有锁 移动联通电信4G 苹果手机 深空灰 256G 美版激活有锁 全网通4G,6188.0,华维斯生活馆全球购专营店,29885569275,https://item.jd.hk/29885569275.html
iPhoneXS金色,64GB,,全球购Apple 苹果iPhone Xs/Xs Max 港版移动联通电信4G手机 iPhoneXS金色 64GB,8166.0,XINKE全球购专营店,33024780900,https://item.jd.hk/33024780900.html
金色,全网通64G,Apple 苹果 iPhone8 Plus 手机 金色 全网通64G,Apple 苹果 iPhone8 Plus 手机 金色 全网通64G,5929.0,鹏瑶手机专营店,16588283646,http://item.jd.com/16588283646.html
深空灰,全网通32G,AppleiPhone6s Plus,Apple 苹果 iphone6s plus 全网通4G智能手机 深空灰 全网通32G,2878.0,OKSJ手机旗舰店,15544265103,http://item.jd.com/15544265103.html
深空灰色,256GB,Apple 苹果 iPhone X 全面屏4G手机 深空灰色 256GB,Apple 苹果 iPhone X 全面屏4G手机 深空灰色 256GB,9688.0,优机库无界零售专营店,24092094066,http://item.jd.com/24092094066.html
金色,全网通256G,AppleiPhone XS Max,Apple 苹果iPhone XS Max手机 金色 全网通256G,11599.0,爱优创杰手机专营店,32964314955,http://item.jd.com/32964314955.html
银白色,256GB 美版激活有锁 移动联通4G,,全球购苹果（Apple） 苹果iPhoneX 全新美版有锁 （赠送卡贴）移动联通电信4G 苹果智能手机 银白色 256GB 美版激活有锁 移动联通4G,6128.0,美丽生活馆海外专营店,30509896707,https://item.jd.hk/30509896707.html
金色,,Apple 苹果6  iPhone6 手机 金色 全网通32G,Apple 苹果6  iPhone6 手机 金色 全网通32G,2029.0,鹏瑶手机专营店,15848086641,http://item.jd.com/15848086641.html
iPhoneXS金色,512GB,,全球购Apple 苹果XS iPhone Xs/Xs Max 港版移动联通电信4G手机 iPhoneXS金色 512GB,11599.0,XINKE全球购专营店,27662668150,https://item.jd.hk/27662668150.html
iPhoneXS金色,64GB,,全球购Apple 苹果iPhone Xs 港版移动联通电信4G智能手机 iPhoneXS金色 64GB,8299.0,XINKE全球购专营店,33026102515,https://item.jd.hk/33026102515.html
iPhoneXS金色,512GB,,全球购Apple 苹果XS iPhone Xs/Xs Max 港版移动联通电信4G手机 iPhoneXS金色 512GB,11599.0,XINKE全球购专营店,27662064451,https://item.jd.hk/27662064451.html
银白色,64GB  韩版  激活两网,,全球购Apple APPLE 苹果X iPhoneX韩版/日版全新激活4G智能手机 银白色 64GB  韩版  激活两网,6188.0,XINKE全球购专营店,21394103751,https://item.jd.hk/21394103751.html
iPhoneXS银白色,256GB,,全球购APPLE 苹果 iPhone XS 港版移动联通电信4G手机 iPhoneXS银白色 256GB,10099.0,东源全球购专营店,33219364714,https://item.jd.hk/33219364714.html
金色,256G,AppleIPhone 8plus,Apple iPhone 苹果8Plus(A1864) 全网通4G手机正品国行 金色 256G,7258.0,友格通讯专营店,26222385477,http://item.jd.com/26222385477.html
红色,全网通64G,Apple 苹果 iPhone 8手机 红色 全网通64G,Apple 苹果 iPhone 8手机 红色 全网通64G,4968.0,聚捷联盛手机旗舰店,27106890178,http://item.jd.com/27106890178.html
深空灰色,256GB,APPLE苹果 Apple 苹果 iPhone X 全面屏手机 全网通 深空灰色 256GB,APPLE苹果 Apple 苹果 iPhone X 全面屏手机 全网通 深空灰色 256GB,8299.0,伟德手机专营店,26017551561,http://item.jd.com/26017551561.html
银色,256G,AppleApple iPhone XS,Apple iPhone XS (A2100) 苹果移动联通电信4G手机 提供正规发票 国行原封正品 银色 256G,10199.0,顺电手机旗舰店,32948771188,http://item.jd.com/32948771188.html
红色特别版,全网通 64GB,AppleiPhone8 Plus ,Apple 苹果 iPhone8 Plus 全网通4G智能 手机 红色特别版 全网通 64GB,6199.0,银河信业专营店,28878319388,http://item.jd.com/28878319388.html
黑色,64GB 美版激活有锁 全网通4G 送卡贴,,全球购Apple 苹果 iPhoneX 美版 全新激活有锁（赠送卡贴）移动联通电信4G 苹果智能手机 黑色 64GB 美版激活有锁 全网通4G 送卡贴,5588.0,国英生活馆海外专营店,24837755062,https://item.jd.hk/24837755062.html
银色,全网通128G,Apple 苹果 iPhone7 Plus 手机 银色 全网通128G,Apple 苹果 iPhone7 Plus 手机 银色 全网通128G,5649.0,鹏瑶手机专营店,15194446104,http://item.jd.com/15194446104.html
金色,64G【PLUS专享】,APPLE 苹果8 iPhone 8 智能手机 Apple 全网通 金色 64G【PLUS专享】,APPLE 苹果8 iPhone 8 智能手机 Apple 全网通 金色 64G【PLUS专享】,5488.0,天环云手机数码旗舰店,31294345764,http://item.jd.com/31294345764.html
银色,全网通（256GB）,Apple 苹果8 plus iPhone8 plus 全网通版4G 智能手机 银色 全网通（256GB）,Apple 苹果8 plus iPhone8 plus 全网通版4G 智能手机 银色 全网通（256GB）,7599.0,中邮展鸿手机专营店,23483465943,http://item.jd.com/23483465943.html
金色,256GB,Apple苹果iPhone XS Max,Apple 苹果 iPhone XS Max 手机 金色 256GB,10288.0,华信通手机专营店,33070466309,http://item.jd.com/33070466309.html
红色,全网通 256GB,Apple 苹果 iPhone 8 Plus 手机 红色 全网通 256GB,Apple 苹果 iPhone 8 Plus 手机 红色 全网通 256GB,7198.0,杰凌手机旗舰店,27171637464,http://item.jd.com/27171637464.html
银色,64GB,AppleiPhone 8,Apple 苹果8 iPhone8 全网通4G手机 银色 64GB,5299.0,华冉数码旗舰店,16673263445,http://item.jd.com/16673263445.html
金色,全网通（32G ROM）标配,AppleiPhone7 Plus,Apple （苹果）iPhone 7 Plus (A1661)手机 金色 全网通（32G ROM）标配,4858.0,恒大和旗舰店,11158203365,http://item.jd.com/11158203365.html
深空灰,全网通 64G,AppleiPhone X,Apple 苹果 iPhoneX 全面屏手机 深空灰 全网通 64G,7588.0,岗隆手机专营店,18601046767,http://item.jd.com/18601046767.html
iphone 8 银色,64GB 港版 移动联通双4G,,全球购Apple 苹果 全新未激活 iPhone X/iPhone8/ 8Plus 港版/美版 智能手机 iphone 8 银色 64GB 港版 移动联通双4G,4799.0,蓝洲海外专营店,22996469429,https://item.jd.hk/22996469429.html
银色,官方标配 64GB,Apple 苹果 iPhone X 手机 银色 官方标配 64GB,Apple 苹果 iPhone X 手机 银色 官方标配 64GB,7299.0,明日手机专营店,19197727140,http://item.jd.com/19197727140.html
亮黑色,全网通(32G),AppleiPhone7,Apple 苹果  iPhone7 4G手机 亮黑色 全网通(32G),3898.0,新松联手机旗舰店,11468409808,http://item.jd.com/11468409808.html
金色,全网通64G,Apple 苹果8Plus iphone8Plus 全网通4G手机 国行 金色 全网通64G,Apple 苹果8Plus iphone8Plus 全网通4G手机 国行 金色 全网通64G,6100.0,金长驰通信专营店,25750559065,http://item.jd.com/25750559065.html
亮黑,全网通 32G,苹果（Apple）iPhone7,苹果（Apple） Apple 苹果 iPhone7 手机 亮黑 全网通 32G,4099.0,头号卖家旗舰店,10651524735,http://item.jd.com/10651524735.html
iPhoneX 深空灰,256G日版三网,,全球购Apple 苹果X iPhoneX 韩版两网激活/日版三网通全新激活 移动 联通4G手机 iPhoneX 深空灰 256G日版三网,7099.0,东源全球购专营店,25001653321,https://item.jd.hk/25001653321.html
金色,全网通64G,AppleiPhone Xs Max,Apple 苹果 iPhone Xs Max 金色 全网通64G,9528.0,易讯通通信专营店,25897480874,http://item.jd.com/25897480874.html
黑灰色,64GB美版三网有锁激活,,全球购Apple 苹果X iPhoneX（海外版有锁送卡贴）移动联通4G智能手机 黑灰色 64GB美版三网有锁激活,5578.0,壹思全球购专营店,33328764916,https://item.jd.hk/33328764916.html
iphoneX  深空灰 现货(原装未拆封）,美版 全网通 256G,,全球购Apple 苹果手机  iPhone 8/8p iphoneX iphoneX  深空灰 现货(原装未拆封） 美版 全网通 256G,7388.0,J two全球购专营店,18434998225,https://item.jd.hk/18434998225.html
iPhone 8银色,港版双网64G,,全球购Apple 苹果 iPhone8/8Plus/iPhone X 移动联通4G智能手机 iPhone 8银色 港版双网64G,4698.0,东方尚品海外专营店,27074890699,https://item.jd.hk/27074890699.html
深灰色,64GB美版三网激活有锁,,全球购Apple 苹果iPhoneX（美版激活有锁）苹果移动联通4G智能手机赠卡贴 深灰色 64GB美版三网激活有锁,5498.0,XINKE全球购专营店,1975821485,https://item.jd.hk/1975821485.html
iPhone 8 Plus 深空灰,日版有锁 256GB,,全球购Apple iPhone 8 苹果8 有锁 智能手机 A11芯片 支持无线充电 吃鸡手机 iPhone 8 Plus 深空灰 日版有锁 256GB,4988.0,HT国际专营店,29158527419,https://item.jd.hk/29158527419.html
iPhone X 黑色 现货,64GB 美版 全网通4G,,全球购苹果（Apple） iPhoneX/iPhone8/ 8Plus 红色特别版现货 港版/美版智能手机 iPhone X 黑色 现货 64GB 美版 全网通4G,6488.0,华维斯生活馆全球购专营店,18729449526,https://item.jd.hk/18729449526.html
深空灰色,64GB,AppleiPhone X ,Apple 苹果 iPhone X 全面屏手机 深空灰色 64GB,7799.0,银河信业专营店,28795905047,http://item.jd.com/28795905047.html
iPhone8Plus日版银色,256GB,,全球购Apple iPhone8 （日版激活）苹果8Plus/苹果x 移动联通电信 4G手机 iPhone8Plus日版银色 256GB,5788.0,东源全球购专营店,25730526825,https://item.jd.hk/25730526825.html
金色,,AppleiPhone 6,Apple 苹果6 iPhone6  全网通 移动联通电信4G手机 金色 全网通 32GB,2085.0,程楠手机专营店,21789070537,http://item.jd.com/21789070537.html
银色,32GB 双4G,,全球购Apple 全球购  全新 苹果  iPhone7  智能手机 4.7英寸 海外版 银色 32GB 双4G,4288.0,GIT数码海外旗舰店,1976108506,https://item.jd.hk/1976108506.html
银白色 现货,韩版两网 64GB,,全球购Apple 苹果手机  iphone X  5.8英寸 全面屏 智能手机 银白色 现货 韩版两网 64GB,6188.0,J two全球购专营店,26435867846,https://item.jd.hk/26435867846.html
金色,64G,Apple 苹果  iPhone 8 Plus全网通4G智能手机 金色 64G,Apple 苹果  iPhone 8 Plus全网通4G智能手机 金色 64G,6068.0,OKSJ手机旗舰店,16802846420,http://item.jd.com/16802846420.html
XS MAX 6.5 英寸256G 银白,,,全球购Apple 苹果手机 2019新品【现货】 iPhone XS/XS Max 港版移动联通4G XS MAX 6.5 英寸256G 银白,10799.0,佳运汇通汽车用品海外专营店,33280470343,https://item.jd.hk/33280470343.html
金色,全网通64G,AppleiPhone Xs,Apple 苹果  iPhone Xs 手机 金色 全网通64G,8298.0,易讯通通信专营店,26192201879,http://item.jd.com/26192201879.html
银色,全网通64GB,AppleiPhone 8,Apple 苹果   iPhone8 (A1863) 手机 银色 全网通64GB,5098.0,茄子手机旗舰店,16590754160,http://item.jd.com/16590754160.html
,,苹果（Apple） iPhone 5s,苹果（Apple） Apple 苹果 iPhone 5s  iphone5s 全新国行 金色 移动联通4G(16G ROM) 标配,1199.0,头号卖家旗舰店,10531647983,http://item.jd.com/10531647983.html
金色,256GB,Apple 苹果 iPhone XS (A2100)  移动联通电信4G手机 金色 256GB,Apple 苹果 iPhone XS (A2100)  移动联通电信4G手机 金色 256GB,10148.0,淘金手机专营店,32955514632,http://item.jd.com/32955514632.html
金色,32GB,,全球购APPLE苹果 iPhone 6s Plus 苹果6SP 全新原封正品全网通手机 金色 32GB,3188.0,臻云商手机全球购专营店,19825438007,https://item.jd.hk/19825438007.html
金色,,AppleiPhone6,Apple 苹果 iPhone6移动联通电信4G手机 金色 32G,2058.0,Apple乐享专卖店,19078554782,http://item.jd.com/19078554782.html
金色,全网通32G,Apple 苹果  iPhone 7 Plus 手机 金色 全网通32G,Apple 苹果  iPhone 7 Plus 手机 金色 全网通32G,4639.0,掌视界数码旗舰店,11630640217,http://item.jd.com/11630640217.html
深空灰,256GB 港版 全网通4G,,全球购Apple 苹果新款 iPhone XS 港版/美版 移动联通电信4G 苹果智能手机 深空灰 256GB 港版 全网通4G,9988.0,国英生活馆海外专营店,32958767950,https://item.jd.hk/32958767950.html
金色,全网通 128GB,,全球购Apple 全新  正品 苹果 iPhone 6s Plus   苹果6SP 手机 金色 全网通 128GB,4059.0,佳运汇通汽车用品海外专营店,20169571267,https://item.jd.hk/20169571267.html
磨砂黑,32GB 移动联通4G 海外版,,全球购苹果（Apple） 苹果 iPhone7 港版/美版 移动联通电信4G 全新正品未激活 苹果手机 磨砂黑 32GB 移动联通4G 海外版,3588.0,华维斯生活馆全球购专营店,1977605535,https://item.jd.hk/1977605535.html
iPhone 8plus 红色,64G 日版三网,,全球购APPLE 全球购 iphone8|8 plus （海外版激活）苹果手机 全网通 4K智能手 iPhone 8plus 红色 64G 日版三网,5088.0,垚虎全球购专营店,28197974900,https://item.jd.hk/28197974900.html
,,,全球购Apple 赠品单拍不发货 苹果 iPhone Xs Max note9 s9壳膜/无线充随机发货 标配,99.0,环球时代海外专营店,33267742110,https://item.jd.hk/33267742110.html
金色,全网通32GB,AppleiPhone6,Apple 苹果6 iPhone6 移动联通电信4G 手机 金色 全网通32GB,2089.0,华冉数码旗舰店,18608306444,http://item.jd.com/18608306444.html
金色,5.5英寸（128GB）,Apple 苹果6s plus iPhone 6s Plus 4G手机 全网通 金色 5.5英寸（128GB）,Apple 苹果6s plus iPhone 6s Plus 4G手机 全网通 金色 5.5英寸（128GB）,3969.0,华冉数码旗舰店,27348929930,http://item.jd.com/27348929930.html
金色,64G,Apple iPhone 8 (A1863) 全网通4G手机国行正品顺丰速发 金色 64G,Apple iPhone 8 (A1863) 全网通4G手机国行正品顺丰速发 金色 64G,5088.0,友格通讯专营店,26224029028,http://item.jd.com/26224029028.html
深空灰,64G 港版 移动联通4G,,全球购苹果（Apple） Apple 苹果 iPhone X港版/美版/日版 智能手机 深空灰 64G 港版 移动联通4G,6688.0,华维斯生活馆全球购专营店,29768690582,https://item.jd.hk/29768690582.html
银色,64GB,Apple 苹果XS  iPhone XS (A2100) 全网通4G手机 银色 64GB,Apple 苹果XS  iPhone XS (A2100) 全网通4G手机 银色 64GB,8658.0,OKSJ手机旗舰店,32956454310,http://item.jd.com/32956454310.html
黑色,32G(全网通),AppleiPhone7,Apple 苹果  iPhone 7 手机 黑色 32G(全网通),6999.0,易道手机专营店,10651761171,http://item.jd.com/10651761171.html
iPhone8中国红特别版,64GB三网通,,全球购Apple  苹果Apple iPhone8/8Plus/iPhoneX美版全网通4G手机 iPhone8中国红特别版 64GB三网通,4438.0,XINKE全球购专营店,27425878925,https://item.jd.hk/27425878925.html
iPhoneXr【黑色】6.1英寸 A12 芯片,256 G,,全球购APPLE 苹果 预售 iPhone XR 移动 联通 电信 4G智能手机 iPhoneXr【黑色】6.1英寸 A12 芯片 256 G,7899.0,垚虎全球购专营店,32975934864,https://item.jd.hk/32975934864.html
iPhone8深空灰,256GB美版激活,,全球购Apple 【美版激活】 iPhoneX /8plus/苹果8手机移动联通电信4G 智能手机 iPhone8深空灰 256GB美版激活,4938.0,东源全球购专营店,27036986644,https://item.jd.hk/27036986644.html
深空灰 美版三网,256GB,,全球购Apple iPhone X 苹果x 5.8英寸全面屏A11处理器苹果手机吃鸡手机 深空灰 美版三网 256GB,7388.0,HT国际专营店,24667914798,https://item.jd.hk/24667914798.html
深空灰,64G套餐1购无线充,AppleX,Apple 苹果 iphone X 手机 深空灰 64G套餐1购无线充,7639.0,君问手机旗舰店,23853219189,http://item.jd.com/23853219189.html
,,Apple 苹果5S iPhone 5s 移动联通4G手机 金色 16G,Apple 苹果5S iPhone 5s 移动联通4G手机 金色 16G,1168.0,久汇通官方旗舰店,28109113179,http://item.jd.com/28109113179.html
深空灰色,256GB,AppleiPhone 8 Plus,Apple 苹果 iPhone 8 Plus (A1864) 全网通4G手机 深空灰色 256GB,7399.0,万有手机专营店,29128561898,http://item.jd.com/29128561898.html
银色,64GB,Apple 苹果X iPhoneX (A1865) 全网通 4G 手机 银色 64GB,Apple 苹果X iPhoneX (A1865) 全网通 4G 手机 银色 64GB,7699.0,万有手机专营店,29127903997,http://item.jd.com/29127903997.html
金色,全网通 128G,Apple 苹果 iPhone 6s Plus 4G手机 金色 全网通 128G,Apple 苹果 iPhone 6s Plus 4G手机 金色 全网通 128G,3868.0,千瑞达手机旗舰店,25376071971,http://item.jd.com/25376071971.html
移动 联通4G 黑色 港行,256GB  预付定金,,全球购Apple 全球购 境外直邮 苹果 iPhone XR 新款智能手机 预售 请咨询客服 移动 联通4G 黑色 港行 256GB  预付定金,3000.0,GIT数码海外旗舰店,1971498438,https://item.jd.hk/1971498438.html
灰色,256G【全网通4G】,苹果（Apple）iPhone X,苹果（Apple） iPhone X 手机 灰色 256G【全网通4G】,8739.0,长宏时代手机专营店,22619165553,http://item.jd.com/22619165553.html
黑色,全网通32G,Apple 苹果 iPhone7移动联通电信全网通4G智能手机 黑色 全网通32G,Apple 苹果 iPhone7移动联通电信全网通4G智能手机 黑色 全网通32G,3958.0,OKSJ手机旗舰店,16343379193,http://item.jd.com/16343379193.html
金色,全网通 256G,Apple iPhone XS 手机 金色 全网通 256G,Apple iPhone XS 手机 金色 全网通 256G,10209.0,久汇通官方旗舰店,33161534629,http://item.jd.com/33161534629.html
银色,公开版64GB裸机,Apple 苹果 iPhoneX 全面屏手机 银色 公开版64GB裸机,Apple 苹果 iPhoneX 全面屏手机 银色 公开版64GB裸机,7338.0,中国移动手机官方旗舰店,18605531858,http://item.jd.com/18605531858.html
金色,全网通256GB,APPLE 苹果  iPhone8 Plus 手机 全网通移动联通电信 金色 全网通256GB,APPLE 苹果  iPhone8 Plus 手机 全网通移动联通电信 金色 全网通256GB,7299.0,丰赉易手机专营店,17916150283,http://item.jd.com/17916150283.html
银色,256G,Apple /苹果 iPhone X 4G全网通版正品国行全新未拆封智能手机X 银色 256G,Apple /苹果 iPhone X 4G全网通版正品国行全新未拆封智能手机X 银色 256G,8699.0,汇乐购通讯专营店,28957606720,http://item.jd.com/28957606720.html
银色,全网通 128GB,Apple 苹果  iPhone 7 Plus 4G手机 银色 全网通 128GB,Apple 苹果  iPhone 7 Plus 4G手机 银色 全网通 128GB,5718.0,杰凌手机旗舰店,15189004484,http://item.jd.com/15189004484.html
iPhone8  银白色,美版 64G,,全球购Apple 苹果X Xs Max XR iPhone8/8Plus/港版全新未激活4G智能手机 iPhone8  银白色 美版 64G,4999.0,环球时代海外专营店,26195451085,https://item.jd.hk/26195451085.html
玫瑰金,32G(全网通),AppleiPhone7 Plus,Apple 苹果 iPhone 7 Plus 移动联通电信4G手机 玫瑰金 32G(全网通),4798.0,易道手机专营店,10677767878,http://item.jd.com/10677767878.html
深空灰色,全网通64G,Apple 苹果  iPhone8 全网通4G智能手机 深空灰色 全网通64G,Apple 苹果  iPhone8 全网通4G智能手机 深空灰色 全网通64G,5298.0,OKSJ手机旗舰店,16877686176,http://item.jd.com/16877686176.html
金色,256G,Apple 苹果 iPhone 8 Plus (A1864)  全网通4G手机 金色 256G,Apple 苹果 iPhone 8 Plus (A1864)  全网通4G手机 金色 256G,7288.0,世纪金联手机专营店,16591477330,http://item.jd.com/16591477330.html
深空灰色,64G一年碎屏保套装,Apple 苹果  iPhone 8 手机 深空灰色 64G一年碎屏保套装,Apple 苹果  iPhone 8 手机 深空灰色 64G一年碎屏保套装,5299.0,君问手机旗舰店,25351767568,http://item.jd.com/25351767568.html
金色,全网通(64GB),Apple 苹果  iPhone 8 Plus  移动联通电信4G手机 金色 全网通(64GB),Apple 苹果  iPhone 8 Plus  移动联通电信4G手机 金色 全网通(64GB),6074.0,鹏路网络手机旗舰店,18239191308,http://item.jd.com/18239191308.html
玫瑰金,全网通 32G  (A1661),苹果（Apple） iPhone 7 Plus,苹果（Apple） Apple 苹果 iPhone7 Plus苹果7p iphone7plus 手机 玫瑰金 全网通 32G  (A1661),4899.0,头号卖家旗舰店,10651528804,http://item.jd.com/10651528804.html
金色,全网通 64G,Apple 苹果 iPhone8 Plus 4G手机 金色 全网通 64G,Apple 苹果 iPhone8 Plus 4G手机 金色 全网通 64G,5999.0,千瑞达手机旗舰店,25387397615,http://item.jd.com/25387397615.html
iPhoneXs【银色】5.8英寸,256GB,,全球购Apple苹果 iPhone XS/iPhone XS Max 移动联通电信4G手机 iPhoneXs【银色】5.8英寸 256GB,10099.0,D&L全球购专营店,33151782396,https://item.jd.hk/33151782396.html
红色特别版,256GB美版激活有锁,,全球购APPLE iPhone8Plus美版激活有锁（赠卡贴使用）全网通移动联通电信 红色特别版 256GB美版激活有锁,5188.0,东源全球购专营店,27558637025,https://item.jd.hk/27558637025.html
深空灰,全网通256G,Apple 苹果8 iPhone8 4G手机 深空灰 全网通256G,Apple 苹果8 iPhone8 4G手机 深空灰 全网通256G,6028.0,中国移动手机官方旗舰店,16588833834,http://item.jd.com/16588833834.html
iPhone X 银色,256GB 美版全网通,,全球购Apple 【现货】  iPhoneX 苹果X港版两网/美版全网通移动联通电信4G手机 标配 iPhone X 银色 256GB 美版全网通,7588.0,东源全球购专营店,21063202766,https://item.jd.hk/21063202766.html
金色,,Apple 苹果iPhone6 全网通智能全网通4G手机 金色 32G,Apple 苹果iPhone6 全网通智能全网通4G手机 金色 32G,2099.0,中国移动手机官方旗舰店,12373415414,http://item.jd.com/12373415414.html
黑色,32GB,Apple 苹果 iPhone7 Plus 全网通4G手机 黑色 32GB,Apple 苹果 iPhone7 Plus 全网通4G手机 黑色 32GB,4888.0,世纪金联手机专营店,11703843235,http://item.jd.com/11703843235.html
玫瑰金,全网通（128GB）,AppleiPhone6s Plus,Apple 苹果 iPhone 6s Plus 全网通4G手机 玫瑰金 全网通（128GB）,3888.0,世纪金联手机专营店,12176292104,http://item.jd.com/12176292104.html
红色 预售定金,128G,,全球购Apple iphone XR 新一代苹果XR 4G手机 哪一面都是亮点 预售 红色 预售定金 128G,8999.0,J two全球购专营店,33321763079,https://item.jd.hk/33321763079.html
银色,64G,Apple iPhone X移动联通电信4G手机国行正品人脸识别现货速发顺丰 银色 64G,Apple iPhone X移动联通电信4G手机国行正品人脸识别现货速发顺丰 银色 64G,7556.0,友格通讯专营店,26219286511,http://item.jd.com/26219286511.html
金色,64G,Apple iPhone XS (A2100) 全网通4G手机 金色 64G,Apple iPhone XS (A2100) 全网通4G手机 金色 64G,8699.0,Apple羽通专卖店,32954186384,http://item.jd.com/32954186384.html
银色,32G,,全球购Apple 全新 正品 /苹果 iPhone7 4.7英寸全网通苹果7 手机 银色 32G,4299.0,佳运汇通生活家电专营店,1979856404,https://item.jd.hk/1979856404.html
深空灰,全网通(64GB),Apple 苹果 iPhone 8 plus 手机 深空灰 全网通(64GB),Apple 苹果 iPhone 8 plus 手机 深空灰 全网通(64GB),6688.0,优机库无界零售专营店,24142864951,http://item.jd.com/24142864951.html
金色,64G,AppleA1864,Apple 苹果 iPhone 8 Plus 5.5英寸 全网通4G手机 金色 64G,6128.0,Apple乐享专卖店,18794450756,http://item.jd.com/18794450756.html
银色,64GB,,全球购Apple iPhone XS 移动联通电信全网通4G苹果手机 银色 64GB,8799.0,JS全球购专营店,33307159934,https://item.jd.hk/33307159934.html
金色,官方标配 64GB,AppleiPhone 8,Apple 苹果8 iPhone8 移动联通电信全网通 4G智能手机 金色 官方标配 64GB,5099.0,明日手机专营店,17252697634,http://item.jd.com/17252697634.html
金色,全网通 256GB,Apple 苹果 iPhone XS Max (A2104) 金色 全网通 256GB,Apple 苹果 iPhone XS Max (A2104) 金色 全网通 256GB,11299.0,明日手机专营店,32951680457,http://item.jd.com/32951680457.html
玫瑰金,iphone6S PLUS 128G,,全球购Apple 全新 正品 苹果 iPhone7/7Plus/6SPlus/苹果6手机 全网通手机 玫瑰金 iphone6S PLUS 128G,4059.0,佳运汇通汽车用品海外专营店,20108585914,https://item.jd.hk/20108585914.html
玫瑰金,全网通(32G),Apple 苹果 iPhone7 plus 手机 玫瑰金 全网通(32G),Apple 苹果 iPhone7 plus 手机 玫瑰金 全网通(32G),4999.0,融一手机专营店,19037386485,http://item.jd.com/19037386485.html
银色,全网通 64G,Apple 苹果iPhone XS 4G智能手机 银色 全网通 64G,Apple 苹果iPhone XS 4G智能手机 银色 全网通 64G,8788.0,千瑞达手机旗舰店,32953844239,http://item.jd.com/32953844239.html
银色,64GB 全网通,Apple苹果 iPhone X,Apple 苹果 iPhone X 全面屏 全网通4G手机 银色 64GB 全网通,7588.0,长远通信专营店,27100675996,http://item.jd.com/27100675996.html
金色（亚太版无锁仅支持移动和联通234G网络）,64GB,,全球购APPLE苹果 SE iphone se 9.3和10.1低系统版本全新原装正品未激活4寸小屏幕手机 金色（亚太版无锁仅支持移动和联通234G网络） 64GB,2988.0,臻云商手机全球购专营店,22305703661,https://item.jd.hk/22305703661.html
iPhone XS max 金色,256GB,,全球购Apple iPhone XS max 苹果XS max移动联通电信4g手机 iPhone XS max 金色 256GB,10999.0,HT国际专营店,33253358780,https://item.jd.hk/33253358780.html
玫瑰金,全网通128GB,Apple iPhone 6s Plus,Apple 苹果 iPhone 6s Plus 手机 玫瑰金 全网通128GB,3766.0,银河信业专营店,29463448515,http://item.jd.com/29463448515.html
深空灰色,全网通64G,Apple苹果8,Apple 苹果  iPhone 8 Plus 手机 深空灰色 全网通64G,5999.0,君问手机旗舰店,16596905614,http://item.jd.com/16596905614.html
银色,64GB,AppleiPhone 8,Apple 苹果 iPhone 8 (A1863) 全网通4G手机 银色 64GB,5399.0,万有手机专营店,29129032045,http://item.jd.com/29129032045.html
金色,256G,,全球购Apple 正品 苹果  iPhone XS 64G/256G/512G 港版 5.8英寸屏幕 现货 金色 256G,10399.0,佳运汇通生活家电专营店,1997843549,https://item.jd.hk/1997843549.html
银色,全网通64G+无线充电器,Apple 苹果x iPhonex手机 全网通4G手机 苹果x256g iPhonex64G国行新机 银色 全网通64G+无线充电器,Apple 苹果x iPhonex手机 全网通4G手机 苹果x256g iPhonex64G国行新机 银色 全网通64G+无线充电器,7888.0,金长驰通信专营店,27341589799,http://item.jd.com/27341589799.html
深空灰,256GB无线充套装,Applenova 2S,Apple 苹果iPhone X手机 苹果X 深空灰 256GB无线充套装,8588.0,京联通达旗舰店,28322076848,http://item.jd.com/28322076848.html
金色,,苹果（Apple）iPhone6,苹果（Apple） iPhone 6 手机 金色 32GB【全网通4G】,2099.0,长宏时代手机专营店,22653354199,http://item.jd.com/22653354199.html
黑色 256G 两网通,iphone 8,,全球购APPLE 现货 全球购 Apple iPhone 8|8P海外版（激活） 移动联通4G 苹果手机 黑色 256G 两网通 iphone 8,4858.0,垚虎全球购专营店,1978674837,https://item.jd.hk/1978674837.html
深空灰色,全网通 256G,AppleiPhone XS Max,Apple 苹果 iPhone XS Max (A2104) 手机 深空灰色 全网通 256G,10978.0,长远通信专营店,32960423481,http://item.jd.com/32960423481.html
金色,128GB,APPLE 苹果 iPhone 7 智能Apple7手机 金色 128GB,APPLE 苹果 iPhone 7 智能Apple7手机 金色 128GB,4888.0,天环云手机数码旗舰店,15501585794,http://item.jd.com/15501585794.html
金色,,,全球购APPLE苹果 iPhone 6 32GB 原封正品 未激活移动联通4G手机 金色 全网通 32GB,2288.0,臻云商手机全球购专营店,19823556556,https://item.jd.hk/19823556556.html
红色,64G【全网通4G】,苹果（Apple）iPhone 8,苹果（Apple） iPhone 8 手机 红色 64G【全网通4G】,5199.0,长宏时代手机专营店,27105634885,http://item.jd.com/27105634885.html
银色,256GB,Apple 苹果 iPhone Xs Max全面屏手机 银色 256GB,Apple 苹果 iPhone Xs Max全面屏手机 银色 256GB,11498.0,君问手机旗舰店,33017988676,http://item.jd.com/33017988676.html
玫瑰金,公开版(32G ROM),AppleiPhone6s Plus,Apple 苹果 iPhone 6s Plus (A1699) 移动联通电信4G手机 玫瑰金 公开版(32G ROM),3099.0,爱优创杰手机专营店,10525375578,http://item.jd.com/10525375578.html
iPhone X 黑色,256GB 港版 移动联通4G,,全球购Apple 苹果 iPhone X 全新苹果手机全面屏5.8英寸港版/美版/ 海外版智能手机 iPhone X 黑色 256GB 港版 移动联通4G,7880.0,CSL海外专营店,18732601282,https://item.jd.hk/18732601282.html
银色,64GB【全网通4G】,苹果（Apple） iPhone 8 Plus 手机 银色 64GB【全网通4G】,苹果（Apple） iPhone 8 Plus 手机 银色 64GB【全网通4G】,6099.0,长宏时代手机专营店,29811254384,http://item.jd.com/29811254384.html
深空灰,64G,APPLEiPhone X,APPLE 苹果 iPhone X 全面屏手机   移动联通电信4G手机 深空灰 64G,7399.0,丰赉易手机专营店,19490532893,http://item.jd.com/19490532893.html
银色,全网通 32G,Apple 苹果  iPhone 6s Plus （A1699）手机 5.5英寸 银色 全网通 32G,Apple 苹果  iPhone 6s Plus （A1699）手机 5.5英寸 银色 全网通 32G,2969.0,泰美手机专营店,15904161261,http://item.jd.com/15904161261.html
银色,64G,Apple 苹果X iPhoneX (A1865)  全网通 4G 手机 银色 64G,Apple 苹果X iPhoneX (A1865)  全网通 4G 手机 银色 64G,9999.0,世纪金联手机专营店,18608507075,http://item.jd.com/18608507075.html
银色,公开版 256G,AppleiPhone X,Apple iPhone X (A1865) 全面屏 移动联通电信4G手机 银色 公开版 256G,9388.0,则合手机专营店,25174141173,http://item.jd.com/25174141173.html
,,AppleiPhone 5s,Apple 苹果 iPhone 5S 移动联通双4G手机 金色 16G  标配,1152.0,君问手机旗舰店,10746610169,http://item.jd.com/10746610169.html
,iPhone8Plus,,全球购Apple 【赠品勿拍】 iphone8plus苹果8/X手机壳硅胶透明防摔保护壳软壳 硅胶软壳 iPhone8Plus,29.0,XINKE全球购专营店,26148610860,https://item.jd.hk/26148610860.html
磨砂黑,128G 移动联通双4G 港版,,全球购苹果（Apple） iPhone7 Plus 港版/美版 正品未激活 移动联通电信4G 磨砂黑 128G 移动联通双4G 港版,5399.0,华维斯生活馆全球购专营店,1977596698,https://item.jd.hk/1977596698.html
iPhoneXS Max银色,64GB,,全球购Apple 苹果iPhone Xs Max港版移动联通电信4G智能手机 iPhoneXS Max银色 64GB,9399.0,XINKE全球购专营店,33027076972,https://item.jd.hk/33027076972.html
黑色,128GB,Apple iPhone XR (A2108) 移动联通电信4G手机 双卡双待 黑色 128GB,Apple iPhone XR (A2108) 移动联通电信4G手机 双卡双待 黑色 128GB,7999.0,岗隆手机专营店,32950466752,http://item.jd.com/32950466752.html
金色,64GB,AppleiPhone 8 Plus,Apple 苹果 iPhone 8 Plus (A1864) 移动联通电信4G 全网通手机 金色 64GB,6164.0,乐途手机专营店,27629064945,http://item.jd.com/27629064945.html
,iPhoneX,,全球购Apple APPLE 【赠品勿拍】 iphone8plus苹果8/X手机膜透明防摔保护膜 高清膜 iPhoneX,29.0,XINKE全球购专营店,26356209691,https://item.jd.hk/26356209691.html
金色,128G【全网通4G】,苹果（Apple）iPhone6 Plus,苹果（Apple） iPhone 6s Plus 手机 金色 128G【全网通4G】,3999.0,长宏时代手机专营店,22652257688,http://item.jd.com/22652257688.html
黑色,64GB,,全球购Apple iPhone XR 苹果新款 全网通4G手机 A12仿生芯片 新品全面屏智能手机 黑色 64GB,8999.0,名品荟海外专营店,32950513580,https://item.jd.hk/32950513580.html
金色,256GB,Apple iPhone XS Max (A2104) 移动联通电信4G手机 双卡双待 金色 256GB,Apple iPhone XS Max (A2104) 移动联通电信4G手机 双卡双待 金色 256GB,11588.0,岗隆手机专营店,32951675032,http://item.jd.com/32951675032.html
亮黑色,32GB  标配,,全球购苹果（Apple） iPhone7 Plus 港版 全新正品未激活 移动联通4G苹果智能手机 亮黑色 32GB  标配,4699.0,美丽生活馆海外专营店,1982805740,https://item.jd.hk/1982805740.html
金色,港版 16GB,,全球购苹果（Apple） 苹果 iPhone6 港版 全新未激活 移动联通4G 苹果智能手机 金色 港版 16GB,1699.0,华维斯生活馆全球购专营店,18327716383,https://item.jd.hk/18327716383.html
金色,256GB港版移动联通4G,,全球购APPLE苹果 iPhone 8 Plus 64GB 256GB 原封正品全网通4G手机 金色 256GB港版移动联通4G,6888.0,臻云商手机全球购专营店,19820089123,https://item.jd.hk/19820089123.html
iPhone XS 深空灰,64GB 港版,,全球购Apple iPhone xs/xs max 64GB  港版 移动联通4G手机 iPhone XS 深空灰 64GB 港版,8688.0,蓝洲海外专营店,32969979104,https://item.jd.hk/32969979104.html
银色,全网通256GB,Apple 苹果10 iPhone X（iPhone10）全面屏 全网通4G手机 银色 全网通256GB,Apple 苹果10 iPhone X（iPhone10）全面屏 全网通4G手机 银色 全网通256GB,8688.0,英普通讯手机专营店,19436846257,http://item.jd.com/19436846257.html
iPhoneXS Max 6.5寸金色【港版现货,美版 256GB,,全球购Apple 苹果 iphone xs max/Xr港版移动联通电信4G手机预售 iPhoneXS Max 6.5寸金色【港版现货 美版 256GB,10949.0,环球时代海外专营店,33024985039,https://item.jd.hk/33024985039.html
金色 现货,256GB,,全球购Apple iPhone XS Max 苹果新款 通4G手机 A12仿生芯片 新品全面屏智能手机 金色 现货 256GB,14988.0,HK数码国际全球购专营店,33020895960,https://item.jd.hk/33020895960.html
深空灰色,全网通128G,苹果（Apple）iPhone6s Plus,苹果（Apple） iPhone 6s Plus 苹果6splus全网通手机 A1699 深空灰色 全网通128G,3998.0,飞鸿手机专营店,27414158318,http://item.jd.com/27414158318.html
金色,全网通 64GB,Apple 苹果 iPhone XS (A2100) 金色 全网通 64GB,Apple 苹果 iPhone XS (A2100) 金色 全网通 64GB,8299.0,明日手机专营店,32952248181,http://item.jd.com/32952248181.html
7 4.7英寸 亮黑色,海外全网通 32GB,,全球购Apple iPhone 7 苹果7 智能手机 吃鸡手机 7 4.7英寸 亮黑色 海外全网通 32GB,3588.0,HT国际专营店,29167318585,https://item.jd.hk/29167318585.html
玫瑰金,32G,Apple 苹果  iPhone 6s Plus 移动联通电信全网通4G手机 玫瑰金 32G,Apple 苹果  iPhone 6s Plus 移动联通电信全网通4G手机 玫瑰金 32G,3299.0,欣凯手机专营店,28474417019,http://item.jd.com/28474417019.html
金色,全网通 标配版,AppleiPhone6,Apple 苹果6 iPhone6 32GB 移动联通电信4G手机 金色 全网通 标配版,2299.0,北百手机旗舰店,15613347740,http://item.jd.com/15613347740.html
玫瑰金色,港版128G,,全球购Apple 苹果 iPhone7 移动联通4G智能手机 玫瑰金色 港版128G,4688.0,好东西网国际专营店,18965343988,https://item.jd.hk/18965343988.html
黑色,全网通64G版,Apple 苹果 iPhone XR 手机 黑色 全网通64G版,Apple 苹果 iPhone XR 手机 黑色 全网通64G版,8499.0,聚捷联盛手机旗舰店,32900933423,http://item.jd.com/32900933423.html
金色,,Apple 苹果 iPhone 6 手机 金色 全网通 32GB,Apple 苹果 iPhone 6 手机 金色 全网通 32GB,2058.0,杰凌手机旗舰店,15197425273,http://item.jd.com/15197425273.html
银色,256G,,全球购Apple 现货iPhone X(iPhone10)4G通 X全面屏手机 银色 256G,8699.0,佳运汇通汽车用品海外专营店,27135122455,https://item.jd.hk/27135122455.html
金色,256GB 港版 全网通4G,,全球购Apple 苹果新品 iPhone XS 港版/美版 移动联通电信4G 苹果智能手机 金色 256GB 港版 全网通4G,9899.0,华维斯生活馆全球购专营店,32971653860,https://item.jd.hk/32971653860.html
,,Apple 苹果  iPhone 5s 手机 金色 移动/联通双4G(16GROM)标配,Apple 苹果  iPhone 5s 手机 金色 移动/联通双4G(16GROM)标配,1154.0,新松联手机旗舰店,10561778207,http://item.jd.com/10561778207.html
iPhone X 深空灰,256GB澳版三网,,全球购苹果（Apple） iPhone X/iPhone 8/8 Plus苹果4G智能手机 iPhone X 深空灰 256GB澳版三网,8158.0,美丽生活全球购专营店,1996726055,https://item.jd.hk/1996726055.html
金色,,Apple 苹果 iPhone 6 (A1586) 移动联通电信4G手机 金色 全网通(32G ROM),Apple 苹果 iPhone 6 (A1586) 移动联通电信4G手机 金色 全网通(32G ROM),2099.0,爱优创杰手机专营店,11958049803,http://item.jd.com/11958049803.html
银色,32G 移动联通双4G 港版,,全球购Apple 苹果 iPhone7 Plus 港版/美版 全新正品未激活 移动联通电信4G 银色 32G 移动联通双4G 港版,4780.0,CSL海外专营店,21310085429,https://item.jd.hk/21310085429.html
金色,公开版32G 标配,AppleiPhone6s Plus,Apple 苹果 iPhone 6s plus手机 金色 公开版32G 标配,3049.0,君问手机旗舰店,11006589079,http://item.jd.com/11006589079.html
红色,港版128G,,全球购Apple 苹果 iPhone7 Plus 移动联通全网通4G智能手机 红色 港版128G,5598.0,东方尚品海外专营店,21562996995,https://item.jd.hk/21562996995.html
银色,（4.7英寸）7/ 32G,,全球购Apple 全新 正品 苹果  iPhone7/7Plus/6SPlus 手机 银色 （4.7英寸）7/ 32G,4299.0,佳运汇通生活家电专营店,1985107714,https://item.jd.hk/1985107714.html
金色,,苹果（Apple）iPhone6 ,苹果（Apple） Apple 苹果iPhone6 手机 金色 全网通32GB,2088.0,头号卖家旗舰店,10530141576,http://item.jd.com/10530141576.html
深空灰色,全网通(64GB),Apple 苹果8  iPhone 8 移动联通电信4G手机 深空灰色 全网通(64GB),Apple 苹果8  iPhone 8 移动联通电信4G手机 深空灰色 全网通(64GB),5321.0,鹏路网络手机旗舰店,18241544609,http://item.jd.com/18241544609.html
土豪金,64GB 韩版激活 移动联通4G,,全球购Apple 苹果 iPhone6s Plus 全新正品 港版 /韩版/ 美版 移动联通电信4G 手机 土豪金 64GB 韩版激活 移动联通4G,3099.0,国英生活馆海外专营店,23780841738,https://item.jd.hk/23780841738.html
金色,16GB,,全球购Apple 苹果 iPhone 6 港版 全新未激活  移动联通4G  苹果智能手机 金色 16GB,1580.0,CSL海外专营店,1994931456,https://item.jd.hk/1994931456.html
6 深空灰 4.7英寸,32GB 全网通,,全球购Apple 全球购  全球购 苹果 iPhone6 4G智能 手机 6 深空灰 4.7英寸 32GB 全网通,2298.0,GIT数码海外旗舰店,1958919179,https://item.jd.hk/1958919179.html
磨砂黑,苹果7/32G(4.7),,全球购Apple 全新 苹果X iPhone7/iphone6/ 6S / 6SPlus 苹果手机 磨砂黑 苹果7/32G(4.7),4299.0,佳运汇通生活家电专营店,1993382337,https://item.jd.hk/1993382337.html
银色,【全网通】 256GB,Apple 苹果 iPhone X（A1865）手机 银色 【全网通】 256GB,Apple 苹果 iPhone X（A1865）手机 银色 【全网通】 256GB,8475.0,易讯通通信专营店,26192181718,http://item.jd.com/26192181718.html
金色,16GB,,全球购Apple 苹果 iPhone 6 港版 全新未激活 移动联通4G手机 金色 16GB,1699.0,国英生活馆海外专营店,27223227866,https://item.jd.hk/27223227866.html
金色,,AppleiPhone6,Apple 苹果6  iPhone 6（A1586）移动联通电信4G手机 金色 32G,2088.0,世纪金联手机专营店,12021662179,http://item.jd.com/12021662179.html
（5.5寸）6SPLUS玫瑰金128G,,,全球购Apple 全新 正品 苹果 iPhone 6/苹果 6SPLUS/苹果SE/苹果7全网通苹果手机 （5.5寸）6SPLUS玫瑰金128G,4059.0,佳运汇通汽车用品海外专营店,22205373078,https://item.jd.hk/22205373078.html
黑色,iPhone8 64G日版激活,,全球购苹果（Apple） 【美版日版全新激活】 iphone8plus手机 苹果8手机 黑色 iPhone8 64G日版激活,4238.0,美丽生活馆海外专营店,26606473149,https://item.jd.hk/26606473149.html
iPhone X 深灰色,256GB日版,,全球购Apple 苹果  iPhone X 日版全网通 全面屏4G智能手机 iPhone X 深灰色 256GB日版,8558.0,大玩家海外专营店,19414506345,https://item.jd.hk/19414506345.html
金色 海外版 两网通,64G,,全球购APPLE 全球购  iphone 8 plus 苹果手机 4K智能手机 防水防尘 金色 海外版 两网通 64G,5288.0,垚虎全球购专营店,1998836750,https://item.jd.hk/1998836750.html
亮黑色,256G 移动联通双4G 港版,,全球购Apple 苹果 全新未激活 苹果 iPhone7 Plus （港版美版）移动联通4G 亮黑色 256G 移动联通双4G 港版,5999.0,国英生活馆海外专营店,21310075440,https://item.jd.hk/21310075440.html
金色,,苹果（Apple）iPhone6,苹果（Apple） 苹果6 iPhone6全网通4G手机 A1586 金色 全网通版32G,2118.0,飞鸿手机专营店,11905650498,http://item.jd.com/11905650498.html
,,AppleiPhone XS,【换修无忧版】Apple iPhone XS (A2100) 64GB 金色 移动联通电信4G手机,8765.0,京东Apple产品专营店,100000458783,http://item.jd.com/100000458783.html
金色,港版 64GB  移动联通4G网络,,全球购Apple 苹果iPhone8 Plus  正品未拆封未激活5.5寸屏 港版/美版 移动联通电信4G 金色 港版 64GB  移动联通4G网络,5688.0,千汇海外专营店,31598229086,https://item.jd.hk/31598229086.html
白色,iPhone8Plus 256G日版激活,,全球购苹果（Apple） 【美版日版全新激活】 iphone8plus手机 苹果8手机 白色 iPhone8Plus 256G日版激活,5799.0,华维斯生活馆全球购专营店,26611720862,https://item.jd.hk/26611720862.html
灰色,256G 美版全网通4G,,全球购Apple iPhoneX 全面屏手机 8X新款 海外版/港版 面部识别 5.8英寸大屏 无线充电 灰色 256G 美版全网通4G,8288.0,名品荟海外专营店,26978108934,https://item.jd.hk/26978108934.html
深空灰,全网通版 256G,AppleiPhone SE,Apple 苹果 iPhone8 手机  全网通版 深空灰 全网通版 256G,6588.0,领阔手机专营店,31909748600,http://item.jd.com/31909748600.html
金色,64GB,苹果（Apple） iPhone XS  移动联通电信4G手机 金色 64GB,苹果（Apple） iPhone XS  移动联通电信4G手机 金色 64GB,8399.0,长宏时代手机专营店,33370660782,http://item.jd.com/33370660782.html
深空灰色,全网通 64GB,苹果（Apple）iphone XS,苹果（Apple） iPhone XS 手机 深空灰色 全网通 64GB,8999.0,茄子手机旗舰店,32449472712,http://item.jd.com/32449472712.html
,,AppleiPhone XS Max,【换修无忧版】Apple iPhone XS Max (A2104) 256GB 深空灰色 移动联通电信4G手机 双卡双待,11065.0,京东Apple产品专营店,100000435816,http://item.jd.com/100000435816.html
,,AppleiPhone XS Max,【换修无忧版】Apple iPhone XS Max (A2104) 64GB 金色 移动联通电信4G手机 双卡双待,9665.0,京东Apple产品专营店,100000458755,http://item.jd.com/100000458755.html
移动 联通4G 黑色 港行,64GB,,全球购Apple 苹果 iPhone XR 新款智能手机 预售 移动 联通4G 黑色 港行 64GB,25888.0,T&T全球购专营店,33019467561,https://item.jd.hk/33019467561.html
金色,,苹果（Apple） Apple 苹果6  iPhone6手机 金色 标配32GB,苹果（Apple） Apple 苹果6  iPhone6手机 金色 标配32GB,2999.0,和驰手机专营店,31809009521,http://item.jd.com/31809009521.html
iPhone6金色32G,,,全球购Apple 全新 正品 苹果  iPhone 6/iPhone6S PLUS  全网通 海外版 手机 iPhone6金色32G,2199.0,佳运汇通汽车用品海外专营店,22205452530,https://item.jd.hk/22205452530.html
金色,64GB,Apple 苹果 iPhone XS 全面屏手机 金色 64GB,Apple 苹果 iPhone XS 全面屏手机 金色 64GB,8485.0,君问手机旗舰店,32848334054,http://item.jd.com/32848334054.html
金色,全网通 64GB,Apple 苹果 iPhone 8 手机 金色 全网通 64GB,Apple 苹果 iPhone 8 手机 金色 全网通 64GB,5058.0,易讯通通信专营店,26192214503,http://item.jd.com/26192214503.html
,,Apple iPhone 5S 手机 移动联通手机 金色 16G,Apple iPhone 5S 手机 移动联通手机 金色 16G,1188.0,融一手机专营店,33211683798,http://item.jd.com/33211683798.html
（5.5寸）6SPLUS黑色32G,,,全球购Apple 全新 正品 苹果 iPhone7 Plus/苹果 6SPlus 全网通 苹果7p 手机 （5.5寸）6SPLUS黑色32G,3429.0,佳运汇通汽车用品海外专营店,22205408567,https://item.jd.hk/22205408567.html
金色,全网通64G,Apple 苹果 iphone XS Max 4G智能手机 金色 全网通64G,Apple 苹果 iphone XS Max 4G智能手机 金色 全网通64G,9488.0,千瑞达手机旗舰店,32952184373,http://item.jd.com/32952184373.html
金色,全网通（64GB）,Apple 苹果8 iPhone8 全网通版 4G智能手机 金色 全网通（64GB）,Apple 苹果8 iPhone8 全网通版 4G智能手机 金色 全网通（64GB）,5499.0,中邮展鸿手机专营店,23482769157,http://item.jd.com/23482769157.html
,,Apple 苹果6 iphone6 全网通 手机 金色 全网通（32GB）,Apple 苹果6 iphone6 全网通 手机 金色 全网通（32GB）,2299.0,中邮展鸿手机专营店,23486555426,http://item.jd.com/23486555426.html
玫瑰金,,Apple 苹果 iPhone 6s Plus 手机 玫瑰金 全网通(32GB),Apple 苹果 iPhone 6s Plus 手机 玫瑰金 全网通(32GB),3088.0,英普通讯手机专营店,27693947998,http://item.jd.com/27693947998.html
,,AppleiPhone XS Max,【换修无忧版】Apple iPhone XS Max (A2104) 256GB 金色 移动联通电信4G手机 双卡双待,11065.0,京东Apple产品专营店,100000458753,http://item.jd.com/100000458753.html
,,Apple组套商品,【原厂延保版】Apple iPhone 8 Plus 256GB 红色特别版 移动联通电信4G手机,8568.0,,7465906,http://item.jd.com/7465906.html
iphone7 plus,订制 24Kt 黑金,,全球购全球购  私人定制服务iphone尊享版奢华手机 私人订制 iphone7 plus 订制 24Kt 黑金,41900.0,GIT数码海外旗舰店,1990858461,https://item.jd.hk/1990858461.html
,,AppleiPhone XS Max,【换修无忧版】Apple iPhone XS Max (A2104) 64GB 深空灰色 移动联通电信4G手机 双卡双待,9665.0,京东Apple产品专营店,100000435818,http://item.jd.com/100000435818.html
金色,全网通 256GB,AppleiPhone 8 Plus,Apple 苹果 iPhone 8 Plus 手机 金色 全网通 256GB,7215.0,程楠手机专营店,21781548747,http://item.jd.com/21781548747.html
金色,64G,Apple iPhone 8 Plus 5.5英寸 (A1864) 全网通4G手机 金色 64G,Apple iPhone 8 Plus 5.5英寸 (A1864) 全网通4G手机 金色 64G,6630.0,Apple羽通专卖店,32456587140,http://item.jd.com/32456587140.html
iphone6SP 128G金色（5.5）,,,全球购Apple 全新 正品 苹果  iphone SE / 6/ 6Splus  全网通手机 iphone6SP 128G金色（5.5）,4059.0,佳运汇通生活家电专营店,26397897877,https://item.jd.hk/26397897877.html
土豪金,全网通 32GB 美版,,全球购Apple 苹果 iPhone6s 移动联通电信4G 智能手机 土豪金 全网通 32GB 美版,2799.0,CSL海外专营店,1994923870,https://item.jd.hk/1994923870.html
玫瑰金色,全网通128G,AppleiPhone6s Plus,Apple 苹果  iPhone 6s Plus 手机 玫瑰金色 全网通128G,4399.0,掌视界数码旗舰店,11630508474,http://item.jd.com/11630508474.html
黑色,苹果8 64G（4.7英寸）,,全球购Apple 全新 正品 苹果 iPhone7/7PLUS/6S PLUS/6/SE 黑色 苹果8 64G（4.7英寸）,5299.0,佳运汇通生活家电专营店,20058085699,https://item.jd.hk/20058085699.html
（4.7寸）6金色32G,,,全球购Apple 全新 正品 苹果 iPhone 6/苹果 6S PLUS/苹果SE/苹果 7 全网通手机 （4.7寸）6金色32G,2199.0,佳运汇通汽车用品海外专营店,20124757728,https://item.jd.hk/20124757728.html
金色,全网通128GB,Appleiphone7,Apple 苹果 iPhone7 手机 金色 全网通128GB,4999.0,中益德诚手机专营店,32325906809,http://item.jd.com/32325906809.html
黑色,全网通 128GB,Apple iPhone7 Plus,Apple 苹果 iPhone7 Plus 黑色 全网通 128GB,5999.0,银河信业专营店,30033957713,http://item.jd.com/30033957713.html
金色,美版5.5寸 128GB 全新未激活 全网通4G,,全球购苹果（Apple） iPhone 6/ 6 Plus 港版全新未激活 移动联通4G 苹果手机 金色 美版5.5寸 128GB 全新未激活 全网通4G,2999.0,华维斯生活馆全球购专营店,32920050961,https://item.jd.hk/32920050961.html
（5.8寸）X 银色 256G,,,全球购Apple 全新 正品 苹果 iPhone7 Plus/苹果 6SPlus/苹果X 手机 （5.8寸）X 银色 256G,8999.0,佳运汇通汽车用品海外专营店,22207426702,https://item.jd.hk/22207426702.html
金色,移动联通双4G(16GROM)标配,AppleiPhone5s,Apple 苹果  iPhone 5s 手机 金色 移动联通双4G(16GROM)标配,1168.0,佳沪手机旗舰店,10529513062,http://item.jd.com/10529513062.html
深空灰色,64G,Apple 苹果 iPhone X 全面屏手机 深空灰色 64G,Apple 苹果 iPhone X 全面屏手机 深空灰色 64G,7800.0,元厚手机专营店,19195040789,http://item.jd.com/19195040789.html
金色,256GB 全网通,Apple iPhone8 Plus,Apple 苹果 iPhone8 Plus 移动联通电信4G手机 金色 256GB 全网通,7699.0,北百手机旗舰店,16881294269,http://item.jd.com/16881294269.html
金色,全网通256G,AppleiPhone XS,Apple 苹果iPhone  XS手机 金色 全网通256G,10599.0,爱优创杰手机专营店,32965983631,http://item.jd.com/32965983631.html
金色,全网通64G,Apple 苹果XS  iPhone XS 手机 金色 全网通64G,Apple 苹果XS  iPhone XS 手机 金色 全网通64G,8299.0,世纪金联手机专营店,32908011370,http://item.jd.com/32908011370.html
（4.7寸）6金色32G,,,全球购Apple 全新 苹果 iPhone 6/苹果 6S PLUS/苹果SE/苹果 7 全网通手机 （4.7寸）6金色32G,2199.0,佳运汇通生活家电专营店,20336298225,https://item.jd.hk/20336298225.html
深空灰色,全网通 64GB,Appleiphone X,Apple 苹果iPhoneX 全面屏手机 深空灰色 全网通 64GB,7499.0,华耀瑞隆手机旗舰店,25597231832,http://item.jd.com/25597231832.html
,,AppleiPhone XS Max,【换修无忧版】Apple iPhone XS Max (A2104) 64GB 银色 移动联通电信4G手机 双卡双待,9665.0,京东Apple产品专营店,100000458739,http://item.jd.com/100000458739.html
金色,256GB,AppleiPhone XS,Apple 苹果 iPhone XS (A2100)  全网通 移动联通电信4G手机 金色 256GB,9999.0,五星电器3C官方旗舰店,33068780470,http://item.jd.com/33068780470.html
银色,,Apple 苹果 iPhone7 Plus 4G手机 银色 移动联通32G,Apple 苹果 iPhone7 Plus 4G手机 银色 移动联通32G,5368.0,三姆斯手机专营店,30462499172,http://item.jd.com/30462499172.html
黑色,全网通64G,Apple 苹果 iphone XR(A2108) 手机 双卡双待 黑色 全网通64G,Apple 苹果 iphone XR(A2108) 手机 双卡双待 黑色 全网通64G,7499.0,千瑞达手机旗舰店,32953430737,http://item.jd.com/32953430737.html
金色 全网通4G 32GB,,Apple苹果iPhone6,Apple 苹果 iPhone 6 4G智能手机 金色 全网通4G 32GB,2828.0,澳飞华宇手机专营店,27474477633,http://item.jd.com/27474477633.html
金色,64GB,AppleiPhone XS Max,Apple 苹果 iPhone XS Max (A2104) 全网通 移动联通电信4G手机 双卡双待 金色 64GB,9599.0,五星电器3C官方旗舰店,33068681864,http://item.jd.com/33068681864.html
金色,全网通 64GB,Apple 苹果 iPhone Xs 手机 金色 全网通 64GB,Apple 苹果 iPhone Xs 手机 金色 全网通 64GB,8999.0,福气多多通信专营店,33287080685,http://item.jd.com/33287080685.html
银色,全网通 256GB,AppleiPhone X,Apple 苹果 iPhone X 手机 银色 全网通 256GB,8535.0,程楠手机专营店,21776094895,http://item.jd.com/21776094895.html
深空灰,,Apple 苹果8 iPhone8 4G手机 深空灰 全网通64G,Apple 苹果8 iPhone8 4G手机 深空灰 全网通64G,5768.0,三姆斯手机专营店,30464234598,http://item.jd.com/30464234598.html
红色特别版,64GB,AppleiPhone 8 Plus,Apple 苹果8 plus iPhone8 Plus 移动联通电信4G手机 红色特别版 64GB,6099.0,中益德诚手机专营店,32286553479,http://item.jd.com/32286553479.html
红色特别版,256G 全网通,AppleiPhone 8,Apple 苹果8 iPhone 8 移动联通电信4G手机 红色特别版 256G 全网通,6699.0,北百手机旗舰店,27639187096,http://item.jd.com/27639187096.html
iPhoneXs Max【银色】6.5英寸 双卡,512G,,全球购Apple 苹果iPhone XS/iPhone XS Max 移动联通电信4G手机 iPhoneXs Max【银色】6.5英寸 双卡 512G,13999.0,T&T全球购专营店,33150626521,https://item.jd.hk/33150626521.html
移动 联通4G 黄色 港行,64GB,,全球购Apple 苹果 iPhone XR 新款智能手机 预售 移动 联通4G 黄色 港行 64GB,25000.0,D&L全球购专营店,33154613345,https://item.jd.hk/33154613345.html
,,AppleiPhone XS,【换修无忧版】Apple iPhone XS (A2100)  256GB 金色 移动联通电信4G手机,10165.0,京东Apple产品专营店,100000435836,http://item.jd.com/100000435836.html
金色,64GB,Apple 苹果iPhone Xs手机 金色 64GB,Apple 苹果iPhone Xs手机 金色 64GB,8999.0,融一手机专营店,32944206326,http://item.jd.com/32944206326.html
深空灰,澳版全网通256GB,,全球购APPLE苹果 iPhone X 苹果X 人脸识别 全面屏4G手机 深空灰 澳版全网通256GB,8188.0,臻云商手机全球购专营店,19816044544,https://item.jd.hk/19816044544.html
金色,256GB,Apple iPhone XS Max (A2104)  移动联通电信4G手机 双卡双待 金色 256GB,Apple iPhone XS Max (A2104)  移动联通电信4G手机 双卡双待 金色 256GB,10869.0,掌视界数码旗舰店,33102605993,http://item.jd.com/33102605993.html
金色,256GB,APPLE 苹果 iPhone XS (A2100)  移动联通电信4G手机 金色 256GB,APPLE 苹果 iPhone XS (A2100)  移动联通电信4G手机 金色 256GB,10399.0,丰赉易手机专营店,33263288447,http://item.jd.com/33263288447.html
金色,全网通32GB,AppleiPhone 7,Apple 苹果 iPhone7 金色 全网通32GB,3999.0,银河信业专营店,28796333408,http://item.jd.com/28796333408.html
银色,64GB,Apple苹果Xs Max,Apple 苹果 iPhone Xs Max 手机 全网通 银色 64GB,10599.0,誉广和手机旗舰店,32954228021,http://item.jd.com/32954228021.html
金色,64GB,Apple iPhone XS (A2100) 移动联通电信4G手机 金色 64GB,Apple iPhone XS (A2100) 移动联通电信4G手机 金色 64GB,8556.0,掌视界数码旗舰店,33103726785,http://item.jd.com/33103726785.html
粉色,日版7代4.7寸三网4G 256G,,全球购Apple APPLE 苹果 iPhone7【全新激活】日版 全网通4G 苹果智能手机 粉色 日版7代4.7寸三网4G 256G,3699.0,国英生活馆海外专营店,24355162431,https://item.jd.hk/24355162431.html
金色,64GB,Apple 苹果 iphone Xs Max手机 金色 64GB,Apple 苹果 iphone Xs Max手机 金色 64GB,10109.0,融一手机专营店,32944271018,http://item.jd.com/32944271018.html
银色,全网通版(A1865) 256GB,AppleApple iPhone X,Apple iphoneX 苹果X 高端礼品手机 银色 全网通版(A1865) 256GB,8688.0,臻云商手机专营店,30823472863,http://item.jd.com/30823472863.html
iphone X  256G深空灰,,,全球购Apple 苹果 iPhone SE/ iphone X  苹果X 手机 海外版 iphone X  256G深空灰,8999.0,佳运汇通汽车用品海外专营店,20802938846,https://item.jd.hk/20802938846.html
金色,全网通256G,AppleiPhone XS max,Apple iPhone Xs Max 全面屏手机 金色 全网通256G,10788.0,头号卖家旗舰店,33210524694,http://item.jd.com/33210524694.html
金色,64GB,APPLE Apple 苹果 iphone XS MAX 手机 金色 64GB,APPLE Apple 苹果 iphone XS MAX 手机 金色 64GB,9699.0,丰赉易手机专营店,33260210039,http://item.jd.com/33260210039.html
银色,iphoneX 64GB,,全球购APPLE 日本直邮 日版 无锁 iphoneX  64GB  258GB  苹果手机 银色 iphoneX 64GB,8428.0,海优网全球购专营店,21218190317,https://item.jd.hk/21218190317.html
银色,全网通 128GB,AppleiPhone7,Apple 苹果 iPhone 7 手机 银色 全网通 128GB,4795.0,程楠手机专营店,21795235041,http://item.jd.com/21795235041.html
iPhoneXS Max深灰色,64GB,,全球购Apple 苹果iphone XS Max手机港版移动联通智能4G手机 iPhoneXS Max深灰色 64GB,9499.0,壹思全球购专营店,33326192567,https://item.jd.hk/33326192567.html
金色,全网通 64G,AppleiPhone Xs,Apple 苹果 iPhone XS (A2100) 手机 金色 全网通 64G,8168.0,长远通信专营店,32950499589,http://item.jd.com/32950499589.html
iPhoneXS深灰色,256GB,,全球购Apple 苹果iphone XS手机港版移动联通智能4G手机 iPhoneXS深灰色 256GB,10088.0,壹思全球购专营店,33325262064,https://item.jd.hk/33325262064.html
金色,64G,,全球购Apple 苹果正品 iphone XS MAX 64G/256G/512G 港版 6.5英寸 现货 金色 64G,9899.0,佳运汇通汽车用品海外专营店,33371470485,https://item.jd.hk/33371470485.html
银色,全网通256G,AppleiPhone 8 Plus,Apple 苹果 iPhone8 Plus手机 银色 全网通256G,7349.0,爱优创杰手机专营店,15976607235,http://item.jd.com/15976607235.html
iPhone X 深灰色,64GB港版双网,,全球购Apple 苹果iPhone X / iPhone8 / iPhone8 Plus 苹果4G智能手机 iPhone X 深灰色 64GB港版双网,7228.0,大玩家海外专营店,1996775051,https://item.jd.hk/1996775051.html
深空灰色,全网通 港版256GB,,全球购Apple 新品iphone XS Max 双SIM卡双待手机 深空灰色 全网通 港版256GB,10999.0,臻云商手机全球购专营店,33210570826,https://item.jd.hk/33210570826.html
银色 256G【147862】现货,,AppleiPhone X,Apple iPhone X  移动联通电信 4G手机 全网通 可开专票 送壳膜 银色 256G【147862】现货,8599.0,顺电手机旗舰店,18558585314,http://item.jd.com/18558585314.html
金色,256G,Apple 苹果8 iphone8 手机 移动联通电信4G手机 金色 256G,Apple 苹果8 iphone8 手机 移动联通电信4G手机 金色 256G,5999.0,中恒国信手机旗舰店,16845696239,http://item.jd.com/16845696239.html
金色 移动联通电信4G手机 双卡双待,64GB,Apple iPhone XS Max,Apple iPhone XS Max (A2104) 金色 移动联通电信4G手机 双卡双待 64GB,9666.0,乐途手机专营店,32965697781,http://item.jd.com/32965697781.html
金色 移动联通电信4G手机,64GB,AppleiPhone XS (A2100) ,Apple iPhone XS (A2100) 金色 移动联通电信4G手机 64GB,8489.0,乐途手机专营店,32966880709,http://item.jd.com/32966880709.html
黑色,全网通 128GB,AppleiPhone 7,Apple iPhone 7 手机 黑色 全网通 128GB,4949.0,华耀瑞隆手机旗舰店,27209020366,http://item.jd.com/27209020366.html
深空灰,256GB,Apple iPhone 8  移动联通电信4G手机 深空灰 256GB,Apple iPhone 8  移动联通电信4G手机 深空灰 256GB,6188.0,华伟手机专营店,26462529207,http://item.jd.com/26462529207.html
深空灰色,64GB,Apple 苹果 iPhone XS Max (A2104) 手机 双卡双待 深空灰色 64GB,Apple 苹果 iPhone XS Max (A2104) 手机 双卡双待 深空灰色 64GB,9899.0,龙翔通讯手机专营店,33361576238,http://item.jd.com/33361576238.html
金色,128G,,全球购Apple 全新  正品 苹果 iPhone7 手机   苹果7 手机 金色 128G,5139.0,佳运汇通汽车用品海外专营店,20169698389,https://item.jd.hk/20169698389.html
红色特别版,澳版全网通 64GB,,全球购APPLE苹果 iphone 8  原封正品 全网通移动4G手机 红色特别版 澳版全网通 64GB,4688.0,臻云商手机全球购专营店,27535067694,https://item.jd.hk/27535067694.html
白色,64G美版激活,,全球购苹果（Apple） iPhoneX韩版/日版/美版全新激活4G智能手机 白色 64GB日版激活三网 白色 64G美版激活,6688.0,华维斯生活馆全球购专营店,26670554438,https://item.jd.hk/26670554438.html
金色,64GB美版三网,,全球购Apple 苹果 iPhone8Plus手机移动联通电信 美版4G智能手机 金色 64GB美版三网,5488.0,XINKE全球购专营店,25157786118,https://item.jd.hk/25157786118.html
iPhone8金色,256GB港版两网,,全球购Apple 苹果 iPhone8/8Plus/iPhoneX港版/美版4G手机 iPhone8金色 256GB港版两网,6288.0,乔信手机全球购专营店,32132133067,https://item.jd.hk/32132133067.html
7P 128G 红色 全网通,,,全球购Apple 全球购  GIT iPhone系列手机大清仓 7P 128G 红色 全网通 店铺一年保修,6299.0,GIT数码海外旗舰店,1963265140,https://item.jd.hk/1963265140.html
深空灰    iPhone X 256GB 港版,,,全球购Apple 苹果 iPhone6/6P/6sP/7/7Plus/8/X移动联通4G手机 深空灰    iPhone X 256GB 港版,9898.0,千汇海外专营店,31724497791,https://item.jd.hk/31724497791.html
金色,64G,,全球购Apple 苹果 iPhone 8 Plus  海外版 移动联通电信4G手机 金色 64G,6499.0,佳运汇通汽车用品海外专营店,30270785830,https://item.jd.hk/30270785830.html
iPhone8Plus金色,256GB港版,,全球购Apple iPhone8/8 Plus/iPhone X 苹果X港版/美版 手机 移动联通 iPhone8Plus金色 256GB港版,7438.0,鸿鑫全球购专营店,27183783220,https://item.jd.hk/27183783220.html
红色特别版 港版,256GB,,全球购Apple 全球购 苹果（apple） iPhone8 Plus 红色特别版 港版 256GB,8888.0,GIT数码海外旗舰店,27186169936,https://item.jd.hk/27186169936.html
iPhone X 深空灰色,64GB,,全球购Apple 全新 正品 苹果 iPhone X/苹果 X 手机 港版 日版 澳版 美版 iPhone X 深空灰色 64GB,7799.0,佳运汇通汽车用品海外专营店,22205470660,https://item.jd.hk/22205470660.html
金色,256GB《移动联通两网》,,全球购Apple 苹果iPhone8 Plus全新原装正品未激活 4G智能手机 金色 256GB《移动联通两网》,7928.0,鸿鑫全球购专营店,27182774674,https://item.jd.hk/27182774674.html
iPhone 8 银色,256G,,全球购Apple 全新 正品 澳版 港版 日版 美 苹果 iPhonex/8Plus手机  苹果 X 手机 iPhone 8 银色 256G,6699.0,佳运汇通汽车用品海外专营店,22205473383,https://item.jd.hk/22205473383.html
金色,港版128G,,全球购Apple 苹果 iPhone7 移动联通全网通4G智能手机 金色 港版128G,6000.0,东方尚品海外专营店,21581072494,https://item.jd.hk/21581072494.html
,,AppleiPhone XS Max,【换修无忧版】Apple iPhone XS Max (A2104) 512GB 金色 移动联通电信4G手机 双卡双待,12865.0,京东Apple产品专营店,100000435832,http://item.jd.com/100000435832.html
,,,全球购Apple   全新 正品 苹果 iphone 5s 苹果5S 手机  移动联通 4G手机 iPhone 5S  16G 土豪金,1688.0,佳运汇通生活家电专营店,20807399768,https://item.jd.hk/20807399768.html
金色,全网通256GB,AppleiPhone Xs Max,Apple 苹果 iPhone Xs Max 全网通移动联通电信4G手机 双卡双待 金色 全网通256GB,10899.0,华冉数码旗舰店,33022965495,http://item.jd.com/33022965495.html
金色,64GB,ApplePhone 8,Apple 苹果 iPhone 8 (A1863) 移动联通电信4G 全网通手机 金色 64GB,5269.0,乐途手机专营店,27622404745,http://item.jd.com/27622404745.html
红色特别版,64G,APPLE 苹果 iPhone8全网通手机 红色特别版 64G,APPLE 苹果 iPhone8全网通手机 红色特别版 64G,5288.0,丰赉易手机专营店,27155204856,http://item.jd.com/27155204856.html
深空灰色,64G 美版 全网通,,全球购Apple 全球购 苹果 iPhoneX  全新 智能手机 深空灰色 64G 美版 全网通,7349.0,GIT数码海外旗舰店,1963410025,https://item.jd.hk/1963410025.html
银色,64GB,Apple 苹果X iPhoneX (A1865) 全网通4G智能 手机移动联通电信4G全面屏手机 银色 64GB,Apple 苹果X iPhoneX (A1865) 全网通4G智能 手机移动联通电信4G全面屏手机 银色 64GB,7999.0,欧申达手机专营店,30715294378,http://item.jd.com/30715294378.html
金色,全网通(256GB),Apple 苹果 iPhone Xs 移动联通电信 4G 全网通 手机 金色 全网通(256GB),Apple 苹果 iPhone Xs 移动联通电信 4G 全网通 手机 金色 全网通(256GB),10288.0,英普通讯手机专营店,33378673417,http://item.jd.com/33378673417.html
银色,海外全网通版64GB,,全球购Apple 现货 iPhoneX 海外版激活（全网通）苹果X 移动联通电信 智能手机 银色 海外全网通版64GB,6599.0,东源全球购专营店,28036323150,https://item.jd.hk/28036323150.html
iphone 8 黑色,64G,,全球购APPLE 全球购Apple iphone 8|8plus （海外版未激活）全网通4G 苹果手机 iphone 8 黑色 64G,4528.0,垚虎全球购专营店,1996471895,https://item.jd.hk/1996471895.html
iPhone 8 金色,256G,,全球购Apple 全新 正品 海外版 苹果 iPhone 8 / 8 Plus / X  苹果X 手机 iPhone 8 金色 256G,6699.0,佳运汇通汽车用品海外专营店,20116032581,https://item.jd.hk/20116032581.html
金色,256GB港版两网,,全球购Apple iPhone8 苹果8 移动联通4G手机  港版/ 美版全网通 金色 256GB港版两网,6038.0,东源全球购专营店,26688722634,https://item.jd.hk/26688722634.html
金色,,Appleiphone 6,Apple 苹果 iPhone 6 32GB 移动联通电信 全网通 4G手机 金色 32GB,2080.0,乐途手机专营店,28291658337,http://item.jd.com/28291658337.html
黄色,256GB,,全球购Apple iPhone XR 苹果新款 通4G手机 A12仿生芯片 新品全面屏智能手机 黄色 256GB,11799.0,乔信手机全球购专营店,33529653225,https://item.jd.hk/33529653225.html
金色,全网通64GB,Apple 苹果 iPhone8 手机 金色 全网通64GB,Apple 苹果 iPhone8 手机 金色 全网通64GB,5299.0,继跃通信手机专营店,30433093946,http://item.jd.com/30433093946.html
金色,64GB 港版 全网通4G,,全球购Apple 苹果新品 iPhone XS Max 港版/美版 移动联通电信4G 双卡双待苹果智能手机 金色 64GB 港版 全网通4G,9799.0,华维斯生活馆全球购专营店,32968723459,https://item.jd.hk/32968723459.html
Iphone XS 金色,64GB,,全球购Apple 苹果 iPhone X/XS/XS MAX 港版全新未激活 移动联通4G智能手机 Iphone XS 金色 64GB,9999.0,量子科技专营店,18663240046,https://item.jd.hk/18663240046.html
XS Max 金色,512GB 美版激活有锁 全网通4G,,全球购Apple 苹果 iPhone XS/XS Max 美版有锁 单卡 移动联通电信4G 苹果智能手机 XS Max 金色 512GB 美版激活有锁 全网通4G,10680.0,CSL海外专营店,33746256993,https://item.jd.hk/33746256993.html
XS 5.8英寸  64G金色,,,全球购Apple 苹果手机 iPhone XS/XS Max 港版 手机现货 XS 5.8英寸  64G金色,9039.0,佳运汇通生活家电专营店,1983043732,https://item.jd.hk/1983043732.html
iphone X 银色,64G,,全球购Apple 全新 港版 日版 美版 苹果 iPhone8/8 Plus/X 苹果X iphone X 银色 64G,7799.0,佳运汇通生活家电专营店,24037200783,https://item.jd.hk/24037200783.html
红色,全网通64GB,苹果（Apple）iPhone 8 Plus,苹果（Apple） 苹果8 Plus iPhone8plus 全网通手机 A1864 红色 全网通64GB,6258.0,飞鸿手机专营店,27187939791,http://item.jd.com/27187939791.html
银色,256G,Apple iPhone X 苹果X 全网通 手机国行公开版移动电信联通4G 银色 256G,Apple iPhone X 苹果X 全网通 手机国行公开版移动电信联通4G 银色 256G,9188.0,中恒国信手机旗舰店,23469506143,http://item.jd.com/23469506143.html
金色,32GB 美版 全网通4G,,全球购Apple 苹果 iPhone7Plus  5.5英寸大屏4G智能手机 金属机身 苹果双摄 金色 32GB 美版 全网通4G,6289.0,HK数码国际全球购专营店,1997339492,https://item.jd.hk/1997339492.html
iPhone6s Plus 金色,全网通32G,,全球购Apple 苹果 iPhone6s Plus 全网通4G智能手机 iPhone6s Plus 金色 全网通32G,3098.0,东方尚品海外专营店,21577744278,https://item.jd.hk/21577744278.html
金色,64G,Apple iPhone XS Max (A2104) 苹果新品上市 移动联通电信4G手机 双卡双待 金色 64G,Apple iPhone XS Max (A2104) 苹果新品上市 移动联通电信4G手机 双卡双待 金色 64G,9699.0,汇乐购通讯专营店,33360963781,http://item.jd.com/33360963781.html
金色,港版64G,,全球购Apple iPhone XS Max (A2104) 移动联通电信4G手机 双卡双待 金色 港版64G,9499.0,好东西网国际专营店,32956693431,https://item.jd.hk/32956693431.html
金色,32GB 全网通 行货,,全球购Apple 全球购  苹果 iPhone 6s 4.7英寸智能手机 金色 32GB 全网通 行货,4299.0,GIT数码海外旗舰店,1958344200,https://item.jd.hk/1958344200.html
金色,全网通【128GB】,Apple 苹果 iPhone7 Plus 移动联通电信全网通4G版手机 5.5英寸屏苹果7plus 金色 全网通【128GB】,Apple 苹果 iPhone7 Plus 移动联通电信全网通4G版手机 5.5英寸屏苹果7plus 金色 全网通【128GB】,5918.0,盛粤手机专营店,27307371171,http://item.jd.com/27307371171.html
金色,港版64G,,全球购Apple iPhone XS (A2100) 移动联通电信4G手机 金色 港版64G,8698.0,好东西网国际专营店,32954615284,https://item.jd.hk/32954615284.html
,,AppleiPhone XS Max,【换修无忧版】Apple iPhone XS Max (A2104) 512GB 深空灰色 移动联通电信4G手机 双卡双待,12865.0,京东Apple产品专营店,100000435780,http://item.jd.com/100000435780.html
金色,256GB,Apple 苹果8 plus iPhone 8 Plus 全网通4G手机 金色 256GB,Apple 苹果8 plus iPhone 8 Plus 全网通4G手机 金色 256GB,7399.0,华冉数码旗舰店,16673630901,http://item.jd.com/16673630901.html
双4G 智能手机 海外版 玫瑰金,128G,,全球购Apple 全球购 品质服务  苹果  iPhone7  4.7英寸智能手机 双4G 智能手机 海外版 玫瑰金 128G,4999.0,GIT数码海外旗舰店,1985742034,https://item.jd.hk/1985742034.html
银色,64GB,AppleA1865,Apple 苹果 iPhone X 全面屏（A1865）全网通4G 手机 银色 64GB,7588.0,畅安手机专营店,25092231226,http://item.jd.com/25092231226.html
金色,256G 美版全网通4G,,全球购Apple 苹果 iPhone8 手机 2017新款 4.7英寸小屏 玻璃机身 金属边框 金色 256G 美版全网通4G,6989.0,HK数码国际全球购专营店,1996276712,https://item.jd.hk/1996276712.html
黑色,128GB,Apple iPhone 7 Plus 移动联通电信4G手机 黑色 128GB,Apple iPhone 7 Plus 移动联通电信4G手机 黑色 128GB,5799.0,华伟手机专营店,26935821379,http://item.jd.com/26935821379.html
4.7英寸 金色,港版  256GB,,全球购Apple 苹果  iPhone 7/7 plus 4G手机 4.7英寸 金色 港版  256GB,6788.0,J two全球购专营店,18299537129,https://item.jd.hk/18299537129.html
6S Plus 金色,128GB 享受30/180服务 安心购买,,全球购Apple 全球购  苹果  iPhone6p/6sp 全网通4G 5.5英寸智能手机 6S Plus 金色 128GB 享受30/180服务 安心购买,4399.0,GIT数码海外旗舰店,1954234331,https://item.jd.hk/1954234331.html
双4G 金色,128GB,,全球购Apple 全球购  苹果  iPhone7 智能手机 4.7英寸 双4G 金色 128GB,5288.0,GIT数码海外旗舰店,1955689232,https://item.jd.hk/1955689232.html
玫瑰金,全网通 32G,Apple苹果6s plus,Apple 苹果 iPhone6s Plus 手机 玫瑰金 全网通 32G,2868.0,泰业手机专营店,25836502017,http://item.jd.com/25836502017.html
白色,64GB,,全球购Apple iPhone XR 苹果新款 通4G手机 A12仿生芯片 新品全面屏智能手机 白色 64GB,8999.0,HK数码国际全球购专营店,33020927172,https://item.jd.hk/33020927172.html
金色,全网通64G版,Apple 苹果 iPhone Xs 手机 金色 全网通64G版,Apple 苹果 iPhone Xs 手机 金色 全网通64G版,8188.0,聚捷联盛手机旗舰店,32944428945,http://item.jd.com/32944428945.html
金色,64GB,Apple 苹果 iphone Xs Max 移动联通电信4G手机 金色 64GB,Apple 苹果 iphone Xs Max 移动联通电信4G手机 金色 64GB,9358.0,新松联手机旗舰店,32506333997,http://item.jd.com/32506333997.html
金色,,AppleiPhone5s,Apple 苹果5s  iPhone 5s (A1530) 4英寸 移动联通双4G手机 金色 官方标配 16G,1162.0,明日手机专营店,11464031106,http://item.jd.com/11464031106.html
iPhone 8 金色,港版两网 256GB,,全球购Apple iPhone 8 苹果8智能手机 A11芯片 支持无线充电 吃鸡手机 iPhone 8 金色 港版两网 256GB,6388.0,乔信手机全球购专营店,32133393768,https://item.jd.hk/32133393768.html
金色,64GB,Apple 苹果 iPhone Xs 移动联通电信4G手机 金色 64GB,Apple 苹果 iPhone Xs 移动联通电信4G手机 金色 64GB,8168.0,新松联手机旗舰店,32943757458,http://item.jd.com/32943757458.html
深空灰色,64G 标配,AppleiPhone X,Apple 苹果X iPhoneX 全网通4G手机 深空灰色 64G 标配,7188.0,新松联手机旗舰店,16580068432,http://item.jd.com/16580068432.html
红色特别版,全网通 64GB,AppleiPhone 8,Apple 苹果 iPhone 8手机 红色特别版 全网通 64GB,5837.0,牧申手机旗舰店,27106415078,http://item.jd.com/27106415078.html
深空灰色,全网通 64GB,AppleiPhone X,Apple 苹果 iPhone X 4G手机 深空灰色 全网通 64GB,7125.0,牧申手机旗舰店,16414812052,http://item.jd.com/16414812052.html
金色,全网通256G版,Apple 苹果 iPhone Xs Max 手机 金色 全网通256G版,Apple 苹果 iPhone Xs Max 手机 金色 全网通256G版,10418.0,聚捷联盛手机旗舰店,32901296096,http://item.jd.com/32901296096.html
红色特别版,全网通 64GB,AppleiPhone 8 Plus,Apple 苹果 iPhone 8 Plus手机 红色特别版 全网通 64GB,6630.0,牧申手机旗舰店,27106471946,http://item.jd.com/27106471946.html
银色,256G 韩版 移动联通4G,,全球购苹果（Apple） iPhone X【韩版全新激活】苹果手机 移动联通4G 智能手机 防水防尘 银色 256G 韩版 移动联通4G,6999.0,华维斯生活馆全球购专营店,27627761731,https://item.jd.hk/27627761731.html
白色,64GB日版激活三网,,全球购Apple 苹果X iPhoneX韩版/日版/美版/港澳版全新近期激活4G智能手机 白色 64GB日版激活三网,6699.0,美丽生活馆海外专营店,26639824578,https://item.jd.hk/26639824578.html
银色,港版两网 64GB,,全球购Apple iPhone X 苹果x A11处理器5.8英寸全面屏智能手机 支持面部识别 吃鸡手机 银色 港版两网 64GB,6888.0,HT国际专营店,28290871295,https://item.jd.hk/28290871295.html
金色,全网通 64GB,Apple苹果xs,Apple 苹果 iPhone Xs 手机 金色 全网通 64GB,8188.0,佳沪手机旗舰店,31544565956,http://item.jd.com/31544565956.html
金色,全网通 256GB,Apple苹果Xs Max,Apple 苹果 iPhone Xs Max 手机 金色 全网通 256GB,10388.0,佳沪手机旗舰店,27424489997,http://item.jd.com/27424489997.html
金色,全网通 64GB,AppleiPhone 8,Apple 苹果  iPhone 8 手机 金色 全网通 64GB,5138.0,易道手机专营店,16579783384,http://item.jd.com/16579783384.html
玫瑰金,全网通 32GB,AppleiPhone6s Plus,Apple 苹果 iPhone 6s Plus 4G手机 玫瑰金 全网通 32GB,2868.0,佳沪手机旗舰店,10889864876,http://item.jd.com/10889864876.html
金色,64G 标配,AppleiPhone 8,Apple 苹果 iPhone8 全网通4G手机 金色 64G 标配,5198.0,新松联手机旗舰店,15501980018,http://item.jd.com/15501980018.html
金色,,Apple 苹果6  iPhone6手机 金色 全网通标配 32GB,Apple 苹果6  iPhone6手机 金色 全网通标配 32GB,1998.0,明日手机专营店,11378358411,http://item.jd.com/11378358411.html
深空灰色,全网通 64GB,AppleiPhone 8 Plus,Apple 苹果  iPhone8 Plus 手机 深空灰色 全网通 64GB,5958.0,佳沪手机旗舰店,16580586466,http://item.jd.com/16580586466.html
深空灰色,全网通 64GB,AppleiPhone X,Apple 苹果  iPhone X 全面屏手机 深空灰色 全网通 64GB,7128.0,佳沪手机旗舰店,11794447957,http://item.jd.com/11794447957.html
金色,全网通版 64GB,AppleiPhone 8,Apple 苹果  iPhone8 手机 金色 全网通版 64GB,5198.0,佳沪手机旗舰店,16580070299,http://item.jd.com/16580070299.html
玫瑰金,公开版,AppleiPhone6s Plus,Apple iPhone 6s Plus (A1699) 32G 玫瑰金色 移动联通电信4G手机,2999.0,京东Apple产品专营店,3726830,http://item.jd.com/3726830.html
深空灰色,256GB,AppleiPhone 8,Apple iPhone 8 (A1863) 256GB 深空灰色 移动联通电信4G手机,5999.0,京东Apple产品专营店,5089241,http://item.jd.com/5089241.html
红色,256GB,AppleiPhone 8 Plus,Apple iPhone 8 Plus 256GB 红色特别版 移动联通电信4G手机,7199.0,京东Apple产品专营店,6784504,http://item.jd.com/6784504.html
,公开版,AppleiPhone6,Apple iPhone 6 32GB 金色 移动联通电信4G手机,1999.0,京东Apple产品专营店,4586850,http://item.jd.com/4586850.html
深空灰色,64GB,AppleiPhone X,Apple iPhone X (A1865) 64GB 深空灰色 移动联通电信4G手机,7099.0,京东Apple产品专营店,5089253,http://item.jd.com/5089253.html
金色,64GB,AppleiPhone XS,Apple iPhone XS (A2100) 64GB 金色 移动联通电信4G手机,8699.0,京东Apple产品专营店,100000287133,http://item.jd.com/100000287133.html
金色,64GB,AppleiPhone XS Max,Apple iPhone XS Max (A2104) 64GB 金色 移动联通电信4G手机 双卡双待,9599.0,京东Apple产品专营店,100000287145,http://item.jd.com/100000287145.html
金色,64GB全网通,苹果（Apple）iPhone8,苹果（Apple） 苹果8 iPhone8 全网通4G手机 A1863 金色 64GB全网通,5388.0,飞鸿手机专营店,18967557145,http://item.jd.com/18967557145.html
金色,64G,Apple 苹果iPhone XS (A2100) 移动联通电信4G全网通手机 金色 64G,Apple 苹果iPhone XS (A2100) 移动联通电信4G全网通手机 金色 64G,9250.0,易销科技通讯专营店,33635525762,http://item.jd.com/33635525762.html
黑色,全网通 128GB,AppleiPhone7 Plus,Apple 苹果 iPhone7 Plus 手机 黑色 全网通 128GB,5935.0,程楠手机专营店,21798495372,http://item.jd.com/21798495372.html
金色（苹果8）,,,全球购Apple 苹果 iPhone8 手机金属边框新款商务娱乐8plus智能全网通4G电话 金色（苹果8） 64G 美版全网,5358.0,名品荟海外专营店,22607618553,https://item.jd.hk/22607618553.html
金色,64G,,全球购Apple 新款苹果 iPhone XS Max  移动联通电信4G手机 双卡双待全网通现货速发 金色 64G,9736.0,VY海外专营店,33306715576,https://item.jd.hk/33306715576.html
苹果7 玫瑰金 （4.7英寸）,128G,,全球购Apple 全新 正品 苹果 iPhone 6/6S PLUS/7/7PLUS 手机 苹果7 玫瑰金 （4.7英寸） 128G,5199.0,佳运汇通生活家电专营店,22290921276,https://item.jd.hk/22290921276.html
土豪金,全网通 32GB 美版,,全球购苹果（Apple） 苹果 iPhone6s 全新未激活 移动联通电信4G 苹果手机 美版 土豪金 全网通 32GB 美版,3499.0,美丽生活馆海外专营店,1985907134,https://item.jd.hk/1985907134.html
亮黑,港版32G,,全球购Apple 苹果 iPhone7 Plus 移动联通全网通4G智能手机 亮黑 港版32G,4898.0,好东西网国际专营店,1974289102,https://item.jd.hk/1974289102.html
金色,全网通64GB,Apple 苹果8 iPhone 8 Plus 移动联通电信4G手机 金色 全网通64GB,Apple 苹果8 iPhone 8 Plus 移动联通电信4G手机 金色 全网通64GB,6088.0,英普通讯手机专营店,19437038337,http://item.jd.com/19437038337.html
深空灰,,,全球购Apple 苹果6s  iPhone6s 手机 深空灰 全网通 32GB,3758.0,鸿鑫全球购专营店,23958057942,https://item.jd.hk/23958057942.html
（5.5英寸）7P金色128G,,,全球购Apple 全新 正品 苹果 iPhone7 Plus/苹果 6SPlus 全网通 手机 （5.5英寸）7P金色128G,6199.0,佳运汇通生活家电专营店,20336251110,https://item.jd.hk/20336251110.html
iPhone XS Max 金色【双卡】,64GB 港版,,全球购Apple 苹果新款iPhoneXS/xs max 港版/日版 移动/联通/电信/4G手机 iPhone XS Max 金色【双卡】 64GB 港版,11588.0,千汇海外专营店,33068607709,https://item.jd.hk/33068607709.html
银色,7    128GB,,全球购APPLE 日本直邮 日版 无锁 iphone7/plus 32GB 128GB 苹果手机 银色 7    128GB,5369.0,海优网全球购专营店,21136909307,https://item.jd.hk/21136909307.html
7 4.7英寸红色,日版有锁两网 128GB,,全球购Apple iPhone 7 苹果7 有锁 智能手机 吃鸡手机 7 4.7英寸红色 日版有锁两网 128GB,3888.0,HT国际专营店,26054036491,https://item.jd.hk/26054036491.html
全网通iPhone6 32GB 金色,,,全球购Apple 苹果 iPhone6 全网通4G智能手机 全网通iPhone6 32GB 金色,2198.0,东方尚品海外专营店,25108582490,https://item.jd.hk/25108582490.html
银色 iPhone X 全网通,256G,,全球购Apple 苹果手机 iPhone X 64/256GB 移动联通电信三网通 4G手机 银色 iPhone X 全网通 256G,8628.0,VY海外专营店,32523057464,https://item.jd.hk/32523057464.html
XS 金色,256GB 美版激活有锁 全网通4G,,全球购Apple 苹果 iPhone XS/XS Max 美版有锁 单卡 移动联通电信4G 苹果智能手机 XS 金色 256GB 美版激活有锁 全网通4G,8599.0,国英生活馆海外专营店,33747491916,https://item.jd.hk/33747491916.html
,,AppleiPhone XS,【换修无忧版】Apple iPhone XS (A2100)  512GB 金色 移动联通电信4G手机,11965.0,京东Apple产品专营店,100000458759,http://item.jd.com/100000458759.html
金色,128G,Apple 苹果7 iPhone7 全网通4G 手机 金色 128G,Apple 苹果7 iPhone7 全网通4G 手机 金色 128G,4888.0,畅安手机专营店,25093846623,http://item.jd.com/25093846623.html
金色,全网通64GB,APPLEXs,APPLE Apple iPhone XS (A2100) 金色 全网通64GB,9288.0,浙广发展通讯专营店,32963519902,http://item.jd.com/32963519902.html
,,AppleiPhone XS,【换修无忧版】Apple iPhone XS (A2100)  256GB 银色 移动联通电信4G手机,10165.0,京东Apple产品专营店,100000458761,http://item.jd.com/100000458761.html
金色,64G,Apple 苹果iPhone XS Max (A2104) 移动联通电信4G全网通手机 双卡双待 金色 64G,Apple 苹果iPhone XS Max (A2104) 移动联通电信4G全网通手机 双卡双待 金色 64G,9599.0,易销科技通讯专营店,33636909128,http://item.jd.com/33636909128.html
金色,32GB,Apple iPhone 7 移动联通电信全网通4G手机 金色 32GB,Apple iPhone 7 移动联通电信全网通4G手机 金色 32GB,3999.0,华伟手机专营店,26935282351,http://item.jd.com/26935282351.html
金色,64G,,全球购Apple 苹果 iPhone XS   顺丰速发 移动联通电信全新全网通4G手机 金色 64G,8735.0,VY海外专营店,33306740513,https://item.jd.hk/33306740513.html
128GB通,,,全球购Apple 苹果 iPhone 7 4G手机通移动联通电信 原封未激活 多色可选 128GB通 128GB通,5258.0,JS全球购专营店,32774100940,https://item.jd.hk/32774100940.html
银色,（4.7英寸）7/ 128G,,全球购Apple 全新 正品 苹果 iPhone7/7Plus/6SPlus/苹果6 手机 银色 （4.7英寸）7/ 128G,5199.0,佳运汇通生活家电专营店,22290231687,https://item.jd.hk/22290231687.html
金色,32G,,全球购Apple 全新 正品  苹果 iPhone7 Plus  手机  5.5英寸全网通 金色 32G,5259.0,佳运汇通生活家电专营店,1982487298,https://item.jd.hk/1982487298.html
金色,256GB 港版 移动联通4G,,全球购Apple 苹果 iPhone8 港版/美版 移动联通电信4G 全新正品未激活 金色 256GB 港版 移动联通4G,6588.0,名品荟海外专营店,26776114830,https://item.jd.hk/26776114830.html
